{ "columns":32,
 "image":"..\/img\/tilesets\/BS_Hallucination_VastForest.png",
 "imageheight":1024,
 "imagewidth":1024,
 "margin":0,
 "name":"Vast Forest hallucination",
 "spacing":0,
 "tilecount":1024,
 "tileheight":32,
 "tiles":
    {
     "711":
        {
         "animation":[
                {
                 "duration":2000,
                 "tileid":711
                }, 
                {
                 "duration":600,
                 "tileid":712
                }]
        },
     "740":
        {
         "animation":[
                {
                 "duration":200,
                 "tileid":740
                }, 
                {
                 "duration":300,
                 "tileid":741
                }, 
                {
                 "duration":200,
                 "tileid":742
                }]
        },
     "743":
        {
         "animation":[
                {
                 "duration":1700,
                 "tileid":743
                }, 
                {
                 "duration":900,
                 "tileid":744
                }]
        },
     "772":
        {
         "animation":[
                {
                 "duration":600,
                 "tileid":772
                }, 
                {
                 "duration":400,
                 "tileid":773
                }, 
                {
                 "duration":600,
                 "tileid":774
                }, 
                {
                 "duration":500,
                 "tileid":773
                }, 
                {
                 "duration":600,
                 "tileid":774
                }]
        },
     "804":
        {
         "animation":[
                {
                 "duration":200,
                 "tileid":804
                }, 
                {
                 "duration":100,
                 "tileid":805
                }, 
                {
                 "duration":200,
                 "tileid":806
                }]
        },
     "838":
        {
         "animation":[
                {
                 "duration":1300,
                 "tileid":838
                }, 
                {
                 "duration":700,
                 "tileid":745
                }]
        },
     "865":
        {
         "animation":[
                {
                 "duration":200,
                 "tileid":865
                }, 
                {
                 "duration":200,
                 "tileid":868
                }, 
                {
                 "duration":200,
                 "tileid":871
                }]
        },
     "866":
        {
         "animation":[
                {
                 "duration":200,
                 "tileid":866
                }, 
                {
                 "duration":200,
                 "tileid":869
                }, 
                {
                 "duration":200,
                 "tileid":872
                }]
        },
     "897":
        {
         "animation":[
                {
                 "duration":200,
                 "tileid":897
                }, 
                {
                 "duration":200,
                 "tileid":900
                }, 
                {
                 "duration":200,
                 "tileid":903
                }]
        },
     "898":
        {
         "animation":[
                {
                 "duration":200,
                 "tileid":898
                }, 
                {
                 "duration":200,
                 "tileid":901
                }, 
                {
                 "duration":200,
                 "tileid":904
                }]
        },
     "928":
        {
         "animation":[
                {
                 "duration":200,
                 "tileid":928
                }, 
                {
                 "duration":200,
                 "tileid":931
                }, 
                {
                 "duration":200,
                 "tileid":934
                }]
        },
     "929":
        {
         "animation":[
                {
                 "duration":200,
                 "tileid":929
                }, 
                {
                 "duration":200,
                 "tileid":932
                }, 
                {
                 "duration":200,
                 "tileid":935
                }]
        },
     "930":
        {
         "animation":[
                {
                 "duration":200,
                 "tileid":930
                }, 
                {
                 "duration":200,
                 "tileid":933
                }, 
                {
                 "duration":200,
                 "tileid":936
                }]
        },
     "960":
        {
         "animation":[
                {
                 "duration":200,
                 "tileid":960
                }, 
                {
                 "duration":200,
                 "tileid":963
                }, 
                {
                 "duration":200,
                 "tileid":966
                }]
        },
     "962":
        {
         "animation":[
                {
                 "duration":200,
                 "tileid":962
                }, 
                {
                 "duration":200,
                 "tileid":965
                }, 
                {
                 "duration":200,
                 "tileid":968
                }]
        },
     "992":
        {
         "animation":[
                {
                 "duration":200,
                 "tileid":992
                }, 
                {
                 "duration":200,
                 "tileid":995
                }, 
                {
                 "duration":200,
                 "tileid":998
                }]
        },
     "993":
        {
         "animation":[
                {
                 "duration":200,
                 "tileid":993
                }, 
                {
                 "duration":200,
                 "tileid":996
                }, 
                {
                 "duration":200,
                 "tileid":999
                }]
        },
     "994":
        {
         "animation":[
                {
                 "duration":200,
                 "tileid":994
                }, 
                {
                 "duration":200,
                 "tileid":997
                }, 
                {
                 "duration":200,
                 "tileid":1000
                }]
        }
    },
 "tilewidth":32,
 "type":"tileset"
}