{ "columns":32,
 "image":"..\/img\/tilesets\/BS_FA_objects_Hallucination.png",
 "imageheight":1024,
 "imagewidth":1024,
 "margin":0,
 "name":"Blackspace Faraway Objects",
 "spacing":0,
 "tilecount":1024,
 "tileheight":32,
 "tiles":
    {
     "267":
        {
         "animation":[
                {
                 "duration":400,
                 "tileid":267
                }, 
                {
                 "duration":400,
                 "tileid":26
                }, 
                {
                 "duration":400,
                 "tileid":122
                }, 
                {
                 "duration":400,
                 "tileid":26
                }]
        },
     "268":
        {
         "animation":[
                {
                 "duration":400,
                 "tileid":268
                }, 
                {
                 "duration":400,
                 "tileid":27
                }, 
                {
                 "duration":400,
                 "tileid":123
                }, 
                {
                 "duration":400,
                 "tileid":27
                }]
        },
     "269":
        {
         "animation":[
                {
                 "duration":400,
                 "tileid":269
                }, 
                {
                 "duration":400,
                 "tileid":28
                }, 
                {
                 "duration":400,
                 "tileid":124
                }, 
                {
                 "duration":400,
                 "tileid":28
                }]
        },
     "299":
        {
         "animation":[
                {
                 "duration":400,
                 "tileid":299
                }, 
                {
                 "duration":400,
                 "tileid":58
                }, 
                {
                 "duration":400,
                 "tileid":154
                }, 
                {
                 "duration":400,
                 "tileid":58
                }]
        },
     "300":
        {
         "animation":[
                {
                 "duration":400,
                 "tileid":300
                }, 
                {
                 "duration":400,
                 "tileid":59
                }, 
                {
                 "duration":400,
                 "tileid":155
                }, 
                {
                 "duration":400,
                 "tileid":59
                }]
        },
     "301":
        {
         "animation":[
                {
                 "duration":400,
                 "tileid":301
                }, 
                {
                 "duration":400,
                 "tileid":60
                }, 
                {
                 "duration":400,
                 "tileid":156
                }, 
                {
                 "duration":400,
                 "tileid":60
                }]
        },
     "331":
        {
         "animation":[
                {
                 "duration":400,
                 "tileid":331
                }, 
                {
                 "duration":400,
                 "tileid":90
                }, 
                {
                 "duration":400,
                 "tileid":186
                }, 
                {
                 "duration":400,
                 "tileid":90
                }]
        },
     "332":
        {
         "animation":[
                {
                 "duration":400,
                 "tileid":332
                }, 
                {
                 "duration":400,
                 "tileid":91
                }, 
                {
                 "duration":400,
                 "tileid":187
                }, 
                {
                 "duration":400,
                 "tileid":91
                }]
        },
     "333":
        {
         "animation":[
                {
                 "duration":400,
                 "tileid":333
                }, 
                {
                 "duration":400,
                 "tileid":92
                }, 
                {
                 "duration":400,
                 "tileid":188
                }, 
                {
                 "duration":400,
                 "tileid":92
                }]
        },
     "643":
        {
         "animation":[
                {
                 "duration":500,
                 "tileid":643
                }, 
                {
                 "duration":500,
                 "tileid":649
                }, 
                {
                 "duration":500,
                 "tileid":650
                }, 
                {
                 "duration":500,
                 "tileid":649
                }]
        },
     "675":
        {
         "animation":[
                {
                 "duration":500,
                 "tileid":675
                }, 
                {
                 "duration":500,
                 "tileid":681
                }, 
                {
                 "duration":500,
                 "tileid":682
                }, 
                {
                 "duration":500,
                 "tileid":681
                }]
        },
     "739":
        {
         "animation":[
                {
                 "duration":500,
                 "tileid":739
                }, 
                {
                 "duration":500,
                 "tileid":713
                }, 
                {
                 "duration":500,
                 "tileid":714
                }, 
                {
                 "duration":500,
                 "tileid":713
                }]
        },
     "771":
        {
         "animation":[
                {
                 "duration":500,
                 "tileid":771
                }, 
                {
                 "duration":500,
                 "tileid":745
                }, 
                {
                 "duration":500,
                 "tileid":746
                }, 
                {
                 "duration":500,
                 "tileid":745
                }]
        },
     "803":
        {
         "animation":[
                {
                 "duration":500,
                 "tileid":803
                }, 
                {
                 "duration":500,
                 "tileid":777
                }, 
                {
                 "duration":500,
                 "tileid":778
                }, 
                {
                 "duration":500,
                 "tileid":777
                }]
        },
     "808":
        {
         "animation":[
                {
                 "duration":600,
                 "tileid":775
                }, 
                {
                 "duration":600,
                 "tileid":776
                }, 
                {
                 "duration":600,
                 "tileid":807
                }, 
                {
                 "duration":600,
                 "tileid":776
                }]
        },
     "890":
        {
         "animation":[
                {
                 "duration":400,
                 "tileid":331
                }, 
                {
                 "duration":400,
                 "tileid":90
                }, 
                {
                 "duration":400,
                 "tileid":186
                }, 
                {
                 "duration":400,
                 "tileid":90
                }]
        },
     "891":
        {
         "animation":[
                {
                 "duration":400,
                 "tileid":332
                }, 
                {
                 "duration":400,
                 "tileid":91
                }, 
                {
                 "duration":400,
                 "tileid":187
                }, 
                {
                 "duration":400,
                 "tileid":91
                }]
        }
    },
 "tilewidth":32,
 "type":"tileset"
}