{ "columns":32,
 "image":"..\/img\/tilesets\/BS_Stage.png",
 "imageheight":1024,
 "imagewidth":1024,
 "margin":0,
 "name":"BS_Stage",
 "spacing":0,
 "tilecount":1024,
 "tileheight":32,
 "tiles":
    {
     "902":
        {
         "animation":[
                {
                 "duration":500,
                 "tileid":902
                }, 
                {
                 "duration":500,
                 "tileid":934
                }, 
                {
                 "duration":500,
                 "tileid":966
                }]
        },
     "935":
        {
         "animation":[
                {
                 "duration":500,
                 "tileid":935
                }, 
                {
                 "duration":500,
                 "tileid":967
                }, 
                {
                 "duration":500,
                 "tileid":903
                }]
        }
    },
 "tilewidth":32,
 "type":"tileset"
}