{ "columns":3,
 "image":"..\/img\/tilesets\/BS_Sway.png",
 "imageheight":96,
 "imagewidth":96,
 "margin":0,
 "name":"BS_Sway",
 "spacing":0,
 "tilecount":3,
 "tileheight":96,
 "tiles":
    {
     "0":
        {
         "animation":[
                {
                 "duration":500,
                 "tileid":0
                }, 
                {
                 "duration":500,
                 "tileid":1
                }, 
                {
                 "duration":500,
                 "tileid":2
                }, 
                {
                 "duration":500,
                 "tileid":1
                }]
        }
    },
 "tilewidth":32,
 "type":"tileset"
}