{ "columns":32,
 "image":"..\/img\/tilesets\/DW_Abyss.png",
 "imageheight":1024,
 "imagewidth":1024,
 "margin":0,
 "name":"DW_Abyss",
 "spacing":0,
 "tilecount":1024,
 "tileheight":32,
 "tiles":
    {
     "142":
        {
         "animation":[
                {
                 "duration":200,
                 "tileid":142
                }, 
                {
                 "duration":200,
                 "tileid":174
                }, 
                {
                 "duration":200,
                 "tileid":206
                }, 
                {
                 "duration":200,
                 "tileid":238
                }]
        },
     "143":
        {
         "animation":[
                {
                 "duration":200,
                 "tileid":143
                }, 
                {
                 "duration":200,
                 "tileid":175
                }, 
                {
                 "duration":200,
                 "tileid":207
                }, 
                {
                 "duration":200,
                 "tileid":239
                }]
        },
     "144":
        {
         "animation":[
                {
                 "duration":100,
                 "tileid":144
                }, 
                {
                 "duration":100,
                 "tileid":145
                }, 
                {
                 "duration":100,
                 "tileid":146
                }]
        },
     "176":
        {
         "animation":[
                {
                 "duration":100,
                 "tileid":144
                }, 
                {
                 "duration":100,
                 "tileid":145
                }, 
                {
                 "duration":100,
                 "tileid":146
                }]
        },
     "208":
        {
         "animation":[
                {
                 "duration":100,
                 "tileid":208
                }, 
                {
                 "duration":100,
                 "tileid":209
                }, 
                {
                 "duration":100,
                 "tileid":210
                }]
        },
     "302":
        {
         "animation":[
                {
                 "duration":200,
                 "tileid":302
                }, 
                {
                 "duration":200,
                 "tileid":303
                }, 
                {
                 "duration":200,
                 "tileid":334
                }, 
                {
                 "duration":200,
                 "tileid":303
                }]
        },
     "573":
        {
         "animation":[
                {
                 "duration":500,
                 "tileid":573
                }, 
                {
                 "duration":500,
                 "tileid":574
                }, 
                {
                 "duration":500,
                 "tileid":575
                }]
        },
     "605":
        {
         "animation":[
                {
                 "duration":500,
                 "tileid":605
                }, 
                {
                 "duration":500,
                 "tileid":606
                }, 
                {
                 "duration":500,
                 "tileid":607
                }]
        },
     "736":
        {
         "animation":[
                {
                 "duration":1200,
                 "tileid":736
                }, 
                {
                 "duration":1200,
                 "tileid":737
                }, 
                {
                 "duration":1200,
                 "tileid":738
                }, 
                {
                 "duration":1200,
                 "tileid":739
                }]
        },
     "792":
        {
         "animation":[
                {
                 "duration":100,
                 "tileid":792
                }, 
                {
                 "duration":100,
                 "tileid":824
                }, 
                {
                 "duration":100,
                 "tileid":856
                }, 
                {
                 "duration":100,
                 "tileid":888
                }]
        }
    },
 "tilewidth":32,
 "type":"tileset"
}