{ "columns":32,
 "image":"..\/img\/tilesets\/DW_Beach.png",
 "imageheight":1024,
 "imagewidth":1024,
 "margin":0,
 "name":"DW_Beach",
 "spacing":0,
 "tilecount":1024,
 "tileheight":32,
 "tiles":
    {
     "1":
        {
         "animation":[
                {
                 "duration":200,
                 "tileid":1
                }, 
                {
                 "duration":200,
                 "tileid":2
                }, 
                {
                 "duration":200,
                 "tileid":33
                }, 
                {
                 "duration":200,
                 "tileid":2
                }]
        },
     "104":
        {
         "animation":[
                {
                 "duration":200,
                 "tileid":104
                }, 
                {
                 "duration":200,
                 "tileid":105
                }, 
                {
                 "duration":200,
                 "tileid":136
                }, 
                {
                 "duration":200,
                 "tileid":105
                }]
        },
     "107":
        {
         "animation":[
                {
                 "duration":200,
                 "tileid":107
                }, 
                {
                 "duration":200,
                 "tileid":108
                }, 
                {
                 "duration":200,
                 "tileid":139
                }, 
                {
                 "duration":200,
                 "tileid":108
                }]
        },
     "123":
        {
         "animation":[
                {
                 "duration":1300,
                 "tileid":123
                }, 
                {
                 "duration":1500,
                 "tileid":125
                }]
        },
     "124":
        {
         "animation":[
                {
                 "duration":1300,
                 "tileid":124
                }, 
                {
                 "duration":1500,
                 "tileid":126
                }]
        },
     "193":
        {
         "animation":[
                {
                 "duration":200,
                 "tileid":193
                }, 
                {
                 "duration":200,
                 "tileid":194
                }, 
                {
                 "duration":200,
                 "tileid":225
                }, 
                {
                 "duration":200,
                 "tileid":194
                }]
        },
     "206":
        {
         "animation":[
                {
                 "duration":1300,
                 "tileid":206
                }, 
                {
                 "duration":1500,
                 "tileid":270
                }]
        },
     "207":
        {
         "animation":[
                {
                 "duration":1300,
                 "tileid":207
                }, 
                {
                 "duration":1500,
                 "tileid":271
                }]
        },
     "449":
        {
         "animation":[
                {
                 "duration":400,
                 "tileid":449
                }, 
                {
                 "duration":400,
                 "tileid":455
                }, 
                {
                 "duration":400,
                 "tileid":513
                }, 
                {
                 "duration":400,
                 "tileid":519
                }, 
                {
                 "duration":400,
                 "tileid":455
                }]
        },
     "450":
        {
         "animation":[
                {
                 "duration":400,
                 "tileid":450
                }, 
                {
                 "duration":400,
                 "tileid":456
                }, 
                {
                 "duration":400,
                 "tileid":514
                }, 
                {
                 "duration":400,
                 "tileid":520
                }, 
                {
                 "duration":400,
                 "tileid":456
                }]
        },
     "451":
        {
         "animation":[
                {
                 "duration":400,
                 "tileid":451
                }, 
                {
                 "duration":400,
                 "tileid":457
                }, 
                {
                 "duration":400,
                 "tileid":515
                }, 
                {
                 "duration":400,
                 "tileid":521
                }, 
                {
                 "duration":400,
                 "tileid":457
                }]
        },
     "452":
        {
         "animation":[
                {
                 "duration":400,
                 "tileid":452
                }, 
                {
                 "duration":400,
                 "tileid":458
                }, 
                {
                 "duration":400,
                 "tileid":516
                }, 
                {
                 "duration":400,
                 "tileid":522
                }, 
                {
                 "duration":400,
                 "tileid":458
                }]
        },
     "453":
        {
         "animation":[
                {
                 "duration":400,
                 "tileid":453
                }, 
                {
                 "duration":400,
                 "tileid":459
                }, 
                {
                 "duration":400,
                 "tileid":517
                }, 
                {
                 "duration":400,
                 "tileid":523
                }, 
                {
                 "duration":400,
                 "tileid":459
                }]
        },
     "454":
        {
         "animation":[
                {
                 "duration":400,
                 "tileid":454
                }, 
                {
                 "duration":400,
                 "tileid":460
                }, 
                {
                 "duration":400,
                 "tileid":518
                }, 
                {
                 "duration":400,
                 "tileid":524
                }, 
                {
                 "duration":400,
                 "tileid":460
                }]
        },
     "481":
        {
         "animation":[
                {
                 "duration":400,
                 "tileid":481
                }, 
                {
                 "duration":400,
                 "tileid":487
                }, 
                {
                 "duration":400,
                 "tileid":545
                }, 
                {
                 "duration":400,
                 "tileid":551
                }, 
                {
                 "duration":400,
                 "tileid":487
                }]
        },
     "482":
        {
         "animation":[
                {
                 "duration":400,
                 "tileid":482
                }, 
                {
                 "duration":400,
                 "tileid":488
                }, 
                {
                 "duration":400,
                 "tileid":546
                }, 
                {
                 "duration":400,
                 "tileid":552
                }, 
                {
                 "duration":400,
                 "tileid":488
                }]
        },
     "483":
        {
         "animation":[
                {
                 "duration":400,
                 "tileid":483
                }, 
                {
                 "duration":400,
                 "tileid":489
                }, 
                {
                 "duration":400,
                 "tileid":547
                }, 
                {
                 "duration":400,
                 "tileid":553
                }, 
                {
                 "duration":400,
                 "tileid":489
                }]
        },
     "484":
        {
         "animation":[
                {
                 "duration":400,
                 "tileid":484
                }, 
                {
                 "duration":400,
                 "tileid":490
                }, 
                {
                 "duration":400,
                 "tileid":548
                }, 
                {
                 "duration":400,
                 "tileid":554
                }, 
                {
                 "duration":400,
                 "tileid":490
                }]
        },
     "485":
        {
         "animation":[
                {
                 "duration":400,
                 "tileid":485
                }, 
                {
                 "duration":400,
                 "tileid":491
                }, 
                {
                 "duration":400,
                 "tileid":549
                }, 
                {
                 "duration":400,
                 "tileid":555
                }, 
                {
                 "duration":400,
                 "tileid":491
                }]
        },
     "486":
        {
         "animation":[
                {
                 "duration":400,
                 "tileid":486
                }, 
                {
                 "duration":400,
                 "tileid":492
                }, 
                {
                 "duration":400,
                 "tileid":550
                }, 
                {
                 "duration":400,
                 "tileid":556
                }, 
                {
                 "duration":400,
                 "tileid":492
                }]
        },
     "55":
        {
         "animation":[
                {
                 "duration":1300,
                 "tileid":55
                }, 
                {
                 "duration":1500,
                 "tileid":25
                }]
        },
     "56":
        {
         "animation":[
                {
                 "duration":1300,
                 "tileid":56
                }, 
                {
                 "duration":1500,
                 "tileid":26
                }]
        },
     "57":
        {
         "animation":[
                {
                 "duration":1300,
                 "tileid":57
                }, 
                {
                 "duration":1500,
                 "tileid":27
                }]
        },
     "59":
        {
         "animation":[
                {
                 "duration":1300,
                 "tileid":59
                }, 
                {
                 "duration":1500,
                 "tileid":61
                }]
        },
     "60":
        {
         "animation":[
                {
                 "duration":1300,
                 "tileid":60
                }, 
                {
                 "duration":1500,
                 "tileid":62
                }]
        },
     "707":
        {
         "animation":[
                {
                 "duration":400,
                 "tileid":707
                }, 
                {
                 "duration":400,
                 "tileid":713
                }, 
                {
                 "duration":400,
                 "tileid":771
                }, 
                {
                 "duration":400,
                 "tileid":777
                }, 
                {
                 "duration":400,
                 "tileid":713
                }]
        },
     "708":
        {
         "animation":[
                {
                 "duration":400,
                 "tileid":708
                }, 
                {
                 "duration":400,
                 "tileid":714
                }, 
                {
                 "duration":400,
                 "tileid":772
                }, 
                {
                 "duration":400,
                 "tileid":778
                }, 
                {
                 "duration":400,
                 "tileid":714
                }]
        },
     "845":
        {
         "animation":[
                {
                 "duration":400,
                 "tileid":845
                }, 
                {
                 "duration":400,
                 "tileid":851
                }, 
                {
                 "duration":400,
                 "tileid":909
                }, 
                {
                 "duration":400,
                 "tileid":915
                }, 
                {
                 "duration":400,
                 "tileid":851
                }]
        },
     "846":
        {
         "animation":[
                {
                 "duration":400,
                 "tileid":846
                }, 
                {
                 "duration":400,
                 "tileid":852
                }, 
                {
                 "duration":400,
                 "tileid":910
                }, 
                {
                 "duration":400,
                 "tileid":916
                }, 
                {
                 "duration":400,
                 "tileid":852
                }]
        },
     "847":
        {
         "animation":[
                {
                 "duration":400,
                 "tileid":847
                }, 
                {
                 "duration":400,
                 "tileid":853
                }, 
                {
                 "duration":400,
                 "tileid":911
                }, 
                {
                 "duration":400,
                 "tileid":917
                }, 
                {
                 "duration":400,
                 "tileid":853
                }]
        },
     "848":
        {
         "animation":[
                {
                 "duration":400,
                 "tileid":848
                }, 
                {
                 "duration":400,
                 "tileid":854
                }, 
                {
                 "duration":400,
                 "tileid":912
                }, 
                {
                 "duration":400,
                 "tileid":918
                }, 
                {
                 "duration":400,
                 "tileid":854
                }]
        },
     "849":
        {
         "animation":[
                {
                 "duration":400,
                 "tileid":849
                }, 
                {
                 "duration":400,
                 "tileid":855
                }, 
                {
                 "duration":400,
                 "tileid":913
                }, 
                {
                 "duration":400,
                 "tileid":919
                }, 
                {
                 "duration":400,
                 "tileid":855
                }]
        },
     "850":
        {
         "animation":[
                {
                 "duration":400,
                 "tileid":850
                }, 
                {
                 "duration":400,
                 "tileid":856
                }, 
                {
                 "duration":400,
                 "tileid":914
                }, 
                {
                 "duration":400,
                 "tileid":920
                }, 
                {
                 "duration":400,
                 "tileid":856
                }]
        },
     "877":
        {
         "animation":[
                {
                 "duration":400,
                 "tileid":877
                }, 
                {
                 "duration":400,
                 "tileid":883
                }, 
                {
                 "duration":400,
                 "tileid":941
                }, 
                {
                 "duration":400,
                 "tileid":947
                }, 
                {
                 "duration":400,
                 "tileid":883
                }]
        },
     "878":
        {
         "animation":[
                {
                 "duration":400,
                 "tileid":878
                }, 
                {
                 "duration":400,
                 "tileid":884
                }, 
                {
                 "duration":400,
                 "tileid":942
                }, 
                {
                 "duration":400,
                 "tileid":948
                }, 
                {
                 "duration":400,
                 "tileid":884
                }]
        },
     "879":
        {
         "animation":[
                {
                 "duration":400,
                 "tileid":879
                }, 
                {
                 "duration":400,
                 "tileid":885
                }, 
                {
                 "duration":400,
                 "tileid":943
                }, 
                {
                 "duration":400,
                 "tileid":949
                }, 
                {
                 "duration":400,
                 "tileid":885
                }]
        },
     "880":
        {
         "animation":[
                {
                 "duration":400,
                 "tileid":880
                }, 
                {
                 "duration":400,
                 "tileid":886
                }, 
                {
                 "duration":400,
                 "tileid":944
                }, 
                {
                 "duration":400,
                 "tileid":950
                }, 
                {
                 "duration":400,
                 "tileid":886
                }]
        },
     "881":
        {
         "animation":[
                {
                 "duration":400,
                 "tileid":881
                }, 
                {
                 "duration":400,
                 "tileid":887
                }, 
                {
                 "duration":400,
                 "tileid":945
                }, 
                {
                 "duration":400,
                 "tileid":951
                }, 
                {
                 "duration":400,
                 "tileid":887
                }]
        },
     "882":
        {
         "animation":[
                {
                 "duration":400,
                 "tileid":882
                }, 
                {
                 "duration":400,
                 "tileid":888
                }, 
                {
                 "duration":400,
                 "tileid":946
                }, 
                {
                 "duration":400,
                 "tileid":952
                }, 
                {
                 "duration":400,
                 "tileid":888
                }]
        },
     "97":
        {
         "animation":[
                {
                 "duration":200,
                 "tileid":97
                }, 
                {
                 "duration":200,
                 "tileid":98
                }, 
                {
                 "duration":200,
                 "tileid":129
                }, 
                {
                 "duration":200,
                 "tileid":98
                }]
        }
    },
 "tilewidth":32,
 "type":"tileset"
}