{ "columns":4,
 "image":"..\/img\/tilesets\/DW_Beachpiece.png",
 "imageheight":64,
 "imagewidth":256,
 "margin":0,
 "name":"DW_Beachpiece",
 "spacing":0,
 "tilecount":4,
 "tileheight":64,
 "tiles":
    {
     "0":
        {
         "animation":[
                {
                 "duration":400,
                 "tileid":0
                }, 
                {
                 "duration":400,
                 "tileid":1
                }, 
                {
                 "duration":400,
                 "tileid":2
                }, 
                {
                 "duration":400,
                 "tileid":3
                }, 
                {
                 "duration":400,
                 "tileid":1
                }]
        }
    },
 "tilewidth":64,
 "type":"tileset"
}