{ "columns":32,
 "image":"..\/img\/tilesets\/DW_DeadForest.png",
 "imageheight":1024,
 "imagewidth":1024,
 "margin":0,
 "name":"DW_DeadForest",
 "spacing":0,
 "tilecount":1024,
 "tileheight":32,
 "tiles":
    {
     "542":
        {
         "animation":[
                {
                 "duration":300,
                 "tileid":542
                }, 
                {
                 "duration":300,
                 "tileid":543
                }, 
                {
                 "duration":300,
                 "tileid":574
                }]
        },
     "908":
        {
         "animation":[
                {
                 "duration":2000,
                 "tileid":908
                }, 
                {
                 "duration":1000,
                 "tileid":909
                }]
        }
    },
 "tilewidth":32,
 "type":"tileset"
}