{ "columns":32,
 "image":"..\/img\/tilesets\/DW_DoughDungeon.png",
 "imageheight":1024,
 "imagewidth":1024,
 "margin":0,
 "name":"DW_DoughDungeon",
 "spacing":0,
 "tilecount":1024,
 "tileheight":32,
 "tiles":
    {
     "183":
        {
         "animation":[
                {
                 "duration":200,
                 "tileid":183
                }, 
                {
                 "duration":200,
                 "tileid":215
                }, 
                {
                 "duration":200,
                 "tileid":247
                }, 
                {
                 "duration":200,
                 "tileid":279
                }]
        },
     "184":
        {
         "animation":[
                {
                 "duration":200,
                 "tileid":184
                }, 
                {
                 "duration":200,
                 "tileid":216
                }, 
                {
                 "duration":200,
                 "tileid":248
                }, 
                {
                 "duration":200,
                 "tileid":280
                }]
        },
     "256":
        {
         "animation":[
                {
                 "duration":200,
                 "tileid":256
                }, 
                {
                 "duration":200,
                 "tileid":288
                }, 
                {
                 "duration":200,
                 "tileid":320
                }]
        },
     "257":
        {
         "animation":[
                {
                 "duration":200,
                 "tileid":257
                }, 
                {
                 "duration":200,
                 "tileid":289
                }, 
                {
                 "duration":200,
                 "tileid":321
                }]
        },
     "295":
        {
         "animation":[
                {
                 "duration":200,
                 "tileid":295
                }, 
                {
                 "duration":200,
                 "tileid":296
                }, 
                {
                 "duration":200,
                 "tileid":327
                }, 
                {
                 "duration":200,
                 "tileid":296
                }]
        },
     "479":
        {
         "animation":[
                {
                 "duration":200,
                 "tileid":479
                }, 
                {
                 "duration":200,
                 "tileid":511
                }, 
                {
                 "duration":200,
                 "tileid":543
                }, 
                {
                 "duration":200,
                 "tileid":575
                }]
        },
     "548":
        {
         "animation":[
                {
                 "duration":200,
                 "tileid":548
                }, 
                {
                 "duration":200,
                 "tileid":549
                }, 
                {
                 "duration":200,
                 "tileid":580
                }, 
                {
                 "duration":200,
                 "tileid":549
                }]
        },
     "607":
        {
         "animation":[
                {
                 "duration":200,
                 "tileid":607
                }, 
                {
                 "duration":200,
                 "tileid":639
                }, 
                {
                 "duration":200,
                 "tileid":671
                }, 
                {
                 "duration":200,
                 "tileid":703
                }]
        },
     "626":
        {
         "animation":[
                {
                 "duration":200,
                 "tileid":626
                }, 
                {
                 "duration":200,
                 "tileid":628
                }, 
                {
                 "duration":200,
                 "tileid":629
                }]
        },
     "859":
        {
         "animation":[
                {
                 "duration":700,
                 "tileid":859
                }, 
                {
                 "duration":700,
                 "tileid":860
                }, 
                {
                 "duration":700,
                 "tileid":861
                }]
        }
    },
 "tilewidth":32,
 "type":"tileset"
}