{ "columns":3,
 "image":"..\/img\/tilesets\/DW_GhostPuddle.png",
 "imageheight":64,
 "imagewidth":192,
 "margin":0,
 "name":"DW_GhostPuddle",
 "spacing":0,
 "tilecount":3,
 "tileheight":64,
 "tiles":
    {
     "0":
        {
         "animation":[
                {
                 "duration":1600,
                 "tileid":0
                }, 
                {
                 "duration":1600,
                 "tileid":1
                }, 
                {
                 "duration":1600,
                 "tileid":2
                }, 
                {
                 "duration":1600,
                 "tileid":1
                }]
        }
    },
 "tilewidth":64,
 "type":"tileset"
}