{ "columns":32,
 "image":"..\/img\/tilesets\/DW_LastResort.png",
 "imageheight":1024,
 "imagewidth":1024,
 "margin":0,
 "name":"LastResort",
 "spacing":0,
 "tilecount":1024,
 "tileheight":32,
 "tiles":
    {
     "146":
        {
         "animation":[
                {
                 "duration":100,
                 "tileid":146
                }, 
                {
                 "duration":100,
                 "tileid":118
                }, 
                {
                 "duration":100,
                 "tileid":119
                }]
        },
     "178":
        {
         "animation":[
                {
                 "duration":100,
                 "tileid":178
                }, 
                {
                 "duration":100,
                 "tileid":150
                }, 
                {
                 "duration":100,
                 "tileid":151
                }]
        },
     "22":
        {
         "animation":[
                {
                 "duration":200,
                 "tileid":22
                }, 
                {
                 "duration":200,
                 "tileid":23
                }, 
                {
                 "duration":200,
                 "tileid":24
                }]
        }
    },
 "tilewidth":32,
 "type":"tileset"
}