{ "columns":3,
 "image":"..\/img\/tilesets\/DW_LastResort_Sign.png",
 "imageheight":192,
 "imagewidth":384,
 "margin":0,
 "name":"DW_LastResort_Sign",
 "spacing":0,
 "tilecount":6,
 "tileheight":96,
 "tiles":
    {
     "0":
        {
         "animation":[
                {
                 "duration":100,
                 "tileid":0
                }, 
                {
                 "duration":100,
                 "tileid":1
                }, 
                {
                 "duration":100,
                 "tileid":2
                }]
        }
    },
 "tilewidth":128,
 "type":"tileset"
}