{ "columns":32,
 "image":"..\/img\/tilesets\/DW_DeepWellShip.png",
 "imageheight":1024,
 "imagewidth":1024,
 "margin":0,
 "name":"DW_DeepWellShip",
 "spacing":0,
 "tilecount":1024,
 "tileheight":32,
 "tiles":
    {
     "157":
        {
         "animation":[
                {
                 "duration":1200,
                 "tileid":157
                }, 
                {
                 "duration":1200,
                 "tileid":158
                }, 
                {
                 "duration":1200,
                 "tileid":159
                }]
        },
     "177":
        {
         "animation":[
                {
                 "duration":100,
                 "tileid":177
                }, 
                {
                 "duration":100,
                 "tileid":209
                }, 
                {
                 "duration":100,
                 "tileid":241
                }, 
                {
                 "duration":100,
                 "tileid":273
                }]
        },
     "189":
        {
         "animation":[
                {
                 "duration":1200,
                 "tileid":189
                }, 
                {
                 "duration":1200,
                 "tileid":190
                }, 
                {
                 "duration":1200,
                 "tileid":191
                }]
        },
     "305":
        {
         "animation":[
                {
                 "duration":100,
                 "tileid":305
                }, 
                {
                 "duration":100,
                 "tileid":337
                }, 
                {
                 "duration":100,
                 "tileid":369
                }, 
                {
                 "duration":100,
                 "tileid":401
                }]
        },
     "374":
        {
         "animation":[
                {
                 "duration":200,
                 "tileid":374
                }, 
                {
                 "duration":200,
                 "tileid":406
                }, 
                {
                 "duration":200,
                 "tileid":438
                }, 
                {
                 "duration":200,
                 "tileid":470
                }]
        },
     "375":
        {
         "animation":[
                {
                 "duration":200,
                 "tileid":375
                }, 
                {
                 "duration":200,
                 "tileid":407
                }, 
                {
                 "duration":200,
                 "tileid":439
                }, 
                {
                 "duration":200,
                 "tileid":471
                }]
        },
     "376":
        {
         "animation":[
                {
                 "duration":100,
                 "tileid":376
                }, 
                {
                 "duration":100,
                 "tileid":408
                }, 
                {
                 "duration":100,
                 "tileid":440
                }, 
                {
                 "duration":100,
                 "tileid":472
                }]
        },
     "377":
        {
         "animation":[
                {
                 "duration":100,
                 "tileid":377
                }, 
                {
                 "duration":100,
                 "tileid":409
                }, 
                {
                 "duration":100,
                 "tileid":441
                }, 
                {
                 "duration":100,
                 "tileid":473
                }]
        },
     "448":
        {
         "animation":[
                {
                 "duration":100,
                 "tileid":448
                }, 
                {
                 "duration":100,
                 "tileid":452
                }, 
                {
                 "duration":100,
                 "tileid":456
                }]
        },
     "449":
        {
         "animation":[
                {
                 "duration":100,
                 "tileid":449
                }, 
                {
                 "duration":100,
                 "tileid":453
                }, 
                {
                 "duration":100,
                 "tileid":457
                }]
        },
     "450":
        {
         "animation":[
                {
                 "duration":100,
                 "tileid":450
                }, 
                {
                 "duration":100,
                 "tileid":454
                }, 
                {
                 "duration":100,
                 "tileid":458
                }]
        },
     "451":
        {
         "animation":[
                {
                 "duration":100,
                 "tileid":451
                }, 
                {
                 "duration":100,
                 "tileid":455
                }, 
                {
                 "duration":100,
                 "tileid":459
                }]
        },
     "463":
        {
         "animation":[
                {
                 "duration":300,
                 "tileid":463
                }, 
                {
                 "duration":300,
                 "tileid":398
                }, 
                {
                 "duration":300,
                 "tileid":399
                }, 
                {
                 "duration":300,
                 "tileid":400
                }, 
                {
                 "duration":300,
                 "tileid":399
                }, 
                {
                 "duration":300,
                 "tileid":398
                }]
        },
     "480":
        {
         "animation":[
                {
                 "duration":100,
                 "tileid":480
                }, 
                {
                 "duration":100,
                 "tileid":484
                }, 
                {
                 "duration":100,
                 "tileid":488
                }]
        },
     "482":
        {
         "animation":[
                {
                 "duration":100,
                 "tileid":482
                }, 
                {
                 "duration":100,
                 "tileid":486
                }, 
                {
                 "duration":100,
                 "tileid":490
                }]
        },
     "483":
        {
         "animation":[
                {
                 "duration":100,
                 "tileid":483
                }, 
                {
                 "duration":100,
                 "tileid":487
                }, 
                {
                 "duration":100,
                 "tileid":491
                }]
        },
     "51":
        {
         "animation":[
                {
                 "duration":600,
                 "tileid":51
                }, 
                {
                 "duration":600,
                 "tileid":52
                }, 
                {
                 "duration":600,
                 "tileid":83
                }]
        },
     "513":
        {
         "animation":[
                {
                 "duration":100,
                 "tileid":513
                }, 
                {
                 "duration":100,
                 "tileid":517
                }, 
                {
                 "duration":100,
                 "tileid":521
                }]
        },
     "514":
        {
         "animation":[
                {
                 "duration":100,
                 "tileid":514
                }, 
                {
                 "duration":100,
                 "tileid":518
                }, 
                {
                 "duration":100,
                 "tileid":522
                }]
        },
     "673":
        {
         "animation":[
                {
                 "duration":100,
                 "tileid":673
                }, 
                {
                 "duration":100,
                 "tileid":678
                }, 
                {
                 "duration":100,
                 "tileid":683
                }]
        },
     "674":
        {
         "animation":[
                {
                 "duration":100,
                 "tileid":674
                }, 
                {
                 "duration":100,
                 "tileid":679
                }, 
                {
                 "duration":100,
                 "tileid":684
                }]
        },
     "675":
        {
         "animation":[
                {
                 "duration":100,
                 "tileid":675
                }, 
                {
                 "duration":100,
                 "tileid":680
                }, 
                {
                 "duration":100,
                 "tileid":685
                }]
        },
     "704":
        {
         "animation":[
                {
                 "duration":100,
                 "tileid":704
                }, 
                {
                 "duration":100,
                 "tileid":709
                }, 
                {
                 "duration":100,
                 "tileid":714
                }]
        },
     "705":
        {
         "animation":[
                {
                 "duration":100,
                 "tileid":705
                }, 
                {
                 "duration":100,
                 "tileid":710
                }, 
                {
                 "duration":100,
                 "tileid":715
                }]
        },
     "707":
        {
         "animation":[
                {
                 "duration":100,
                 "tileid":707
                }, 
                {
                 "duration":100,
                 "tileid":712
                }, 
                {
                 "duration":100,
                 "tileid":717
                }]
        },
     "708":
        {
         "animation":[
                {
                 "duration":100,
                 "tileid":708
                }, 
                {
                 "duration":100,
                 "tileid":713
                }, 
                {
                 "duration":100,
                 "tileid":718
                }]
        },
     "737":
        {
         "animation":[
                {
                 "duration":100,
                 "tileid":737
                }, 
                {
                 "duration":100,
                 "tileid":742
                }, 
                {
                 "duration":100,
                 "tileid":747
                }]
        },
     "738":
        {
         "animation":[
                {
                 "duration":100,
                 "tileid":738
                }, 
                {
                 "duration":100,
                 "tileid":743
                }, 
                {
                 "duration":100,
                 "tileid":748
                }]
        },
     "739":
        {
         "animation":[
                {
                 "duration":100,
                 "tileid":739
                }, 
                {
                 "duration":100,
                 "tileid":744
                }, 
                {
                 "duration":100,
                 "tileid":749
                }]
        },
     "792":
        {
         "animation":[
                {
                 "duration":500,
                 "tileid":792
                }, 
                {
                 "duration":500,
                 "tileid":793
                }, 
                {
                 "duration":500,
                 "tileid":826
                }, 
                {
                 "duration":500,
                 "tileid":793
                }]
        },
     "824":
        {
         "animation":[
                {
                 "duration":500,
                 "tileid":824
                }, 
                {
                 "duration":500,
                 "tileid":825
                }, 
                {
                 "duration":500,
                 "tileid":858
                }, 
                {
                 "duration":200,
                 "tileid":825
                }]
        },
     "855":
        {
         "animation":[
                {
                 "duration":300,
                 "tileid":855
                }, 
                {
                 "duration":300,
                 "tileid":860
                }, 
                {
                 "duration":300,
                 "tileid":859
                }]
        },
     "856":
        {
         "animation":[
                {
                 "duration":300,
                 "tileid":856
                }, 
                {
                 "duration":300,
                 "tileid":861
                }, 
                {
                 "duration":300,
                 "tileid":859
                }]
        },
     "857":
        {
         "animation":[
                {
                 "duration":300,
                 "tileid":857
                }, 
                {
                 "duration":300,
                 "tileid":862
                }, 
                {
                 "duration":300,
                 "tileid":859
                }]
        },
     "864":
        {
         "animation":[
                {
                 "duration":1500,
                 "tileid":864
                }, 
                {
                 "duration":1500,
                 "tileid":866
                }, 
                {
                 "duration":1500,
                 "tileid":868
                }, 
                {
                 "duration":1500,
                 "tileid":866
                }]
        },
     "865":
        {
         "animation":[
                {
                 "duration":1500,
                 "tileid":865
                }, 
                {
                 "duration":1500,
                 "tileid":867
                }, 
                {
                 "duration":1500,
                 "tileid":869
                }, 
                {
                 "duration":1500,
                 "tileid":867
                }]
        },
     "887":
        {
         "animation":[
                {
                 "duration":300,
                 "tileid":887
                }, 
                {
                 "duration":300,
                 "tileid":892
                }, 
                {
                 "duration":300,
                 "tileid":859
                }]
        },
     "888":
        {
         "animation":[
                {
                 "duration":300,
                 "tileid":888
                }, 
                {
                 "duration":300,
                 "tileid":893
                }, 
                {
                 "duration":300,
                 "tileid":859
                }]
        },
     "889":
        {
         "animation":[
                {
                 "duration":300,
                 "tileid":889
                }, 
                {
                 "duration":300,
                 "tileid":894
                }, 
                {
                 "duration":300,
                 "tileid":859
                }]
        },
     "890":
        {
         "animation":[
                {
                 "duration":300,
                 "tileid":890
                }, 
                {
                 "duration":300,
                 "tileid":895
                }, 
                {
                 "duration":300,
                 "tileid":859
                }]
        },
     "896":
        {
         "animation":[
                {
                 "duration":1500,
                 "tileid":896
                }, 
                {
                 "duration":1500,
                 "tileid":898
                }, 
                {
                 "duration":1500,
                 "tileid":900
                }, 
                {
                 "duration":1500,
                 "tileid":898
                }]
        },
     "897":
        {
         "animation":[
                {
                 "duration":1500,
                 "tileid":897
                }, 
                {
                 "duration":1500,
                 "tileid":899
                }, 
                {
                 "duration":1500,
                 "tileid":901
                }, 
                {
                 "duration":1500,
                 "tileid":899
                }]
        },
     "918":
        {
         "animation":[
                {
                 "duration":300,
                 "tileid":918
                }, 
                {
                 "duration":300,
                 "tileid":923
                }, 
                {
                 "duration":300,
                 "tileid":859
                }]
        },
     "919":
        {
         "animation":[
                {
                 "duration":300,
                 "tileid":919
                }, 
                {
                 "duration":300,
                 "tileid":924
                }, 
                {
                 "duration":300,
                 "tileid":859
                }]
        },
     "920":
        {
         "animation":[
                {
                 "duration":300,
                 "tileid":920
                }, 
                {
                 "duration":300,
                 "tileid":925
                }, 
                {
                 "duration":300,
                 "tileid":859
                }]
        },
     "950":
        {
         "animation":[
                {
                 "duration":300,
                 "tileid":950
                }, 
                {
                 "duration":300,
                 "tileid":955
                }, 
                {
                 "duration":300,
                 "tileid":859
                }]
        },
     "951":
        {
         "animation":[
                {
                 "duration":300,
                 "tileid":951
                }, 
                {
                 "duration":300,
                 "tileid":956
                }, 
                {
                 "duration":300,
                 "tileid":859
                }]
        },
     "952":
        {
         "animation":[
                {
                 "duration":300,
                 "tileid":952
                }, 
                {
                 "duration":300,
                 "tileid":957
                }, 
                {
                 "duration":300,
                 "tileid":859
                }]
        },
     "953":
        {
         "animation":[
                {
                 "duration":300,
                 "tileid":953
                }, 
                {
                 "duration":300,
                 "tileid":958
                }, 
                {
                 "duration":300,
                 "tileid":859
                }]
        },
     "954":
        {
         "animation":[
                {
                 "duration":300,
                 "tileid":954
                }, 
                {
                 "duration":300,
                 "tileid":959
                }, 
                {
                 "duration":300,
                 "tileid":859
                }]
        }
    },
 "tilewidth":32,
 "type":"tileset"
}