{ "columns":32,
 "image":"..\/img\/tilesets\/DW_NorthLake.png",
 "imageheight":1024,
 "imagewidth":1024,
 "margin":0,
 "name":"DW_NorthLake",
 "spacing":0,
 "tilecount":1024,
 "tileheight":32,
 "tiles":
    {
     "292":
        {
         "animation":[
                {
                 "duration":200,
                 "tileid":292
                }, 
                {
                 "duration":200,
                 "tileid":324
                }, 
                {
                 "duration":200,
                 "tileid":356
                }, 
                {
                 "duration":200,
                 "tileid":388
                }]
        },
     "293":
        {
         "animation":[
                {
                 "duration":200,
                 "tileid":293
                }, 
                {
                 "duration":200,
                 "tileid":325
                }, 
                {
                 "duration":200,
                 "tileid":357
                }, 
                {
                 "duration":200,
                 "tileid":389
                }]
        },
     "294":
        {
         "animation":[
                {
                 "duration":200,
                 "tileid":294
                }, 
                {
                 "duration":200,
                 "tileid":295
                }, 
                {
                 "duration":200,
                 "tileid":296
                }]
        },
     "300":
        {
         "animation":[
                {
                 "duration":200,
                 "tileid":300
                }, 
                {
                 "duration":200,
                 "tileid":301
                }, 
                {
                 "duration":200,
                 "tileid":302
                }, 
                {
                 "duration":200,
                 "tileid":303
                }]
        },
     "326":
        {
         "animation":[
                {
                 "duration":200,
                 "tileid":326
                }, 
                {
                 "duration":200,
                 "tileid":327
                }, 
                {
                 "duration":200,
                 "tileid":328
                }]
        },
     "358":
        {
         "animation":[
                {
                 "duration":200,
                 "tileid":358
                }, 
                {
                 "duration":200,
                 "tileid":359
                }, 
                {
                 "duration":200,
                 "tileid":360
                }]
        },
     "38":
        {
         "animation":[
                {
                 "duration":200,
                 "tileid":38
                }, 
                {
                 "duration":200,
                 "tileid":39
                }, 
                {
                 "duration":200,
                 "tileid":70
                }, 
                {
                 "duration":200,
                 "tileid":39
                }]
        },
     "390":
        {
         "animation":[
                {
                 "duration":200,
                 "tileid":390
                }, 
                {
                 "duration":200,
                 "tileid":391
                }, 
                {
                 "duration":200,
                 "tileid":392
                }]
        },
     "448":
        {
         "animation":[
                {
                 "duration":200,
                 "tileid":448
                }, 
                {
                 "duration":200,
                 "tileid":480
                }, 
                {
                 "duration":200,
                 "tileid":512
                }, 
                {
                 "duration":200,
                 "tileid":544
                }]
        },
     "449":
        {
         "animation":[
                {
                 "duration":200,
                 "tileid":449
                }, 
                {
                 "duration":200,
                 "tileid":481
                }, 
                {
                 "duration":200,
                 "tileid":513
                }, 
                {
                 "duration":200,
                 "tileid":545
                }]
        },
     "450":
        {
         "animation":[
                {
                 "duration":200,
                 "tileid":450
                }, 
                {
                 "duration":200,
                 "tileid":451
                }, 
                {
                 "duration":200,
                 "tileid":482
                }, 
                {
                 "duration":200,
                 "tileid":451
                }]
        },
     "546":
        {
         "animation":[
                {
                 "duration":200,
                 "tileid":546
                }, 
                {
                 "duration":200,
                 "tileid":547
                }, 
                {
                 "duration":200,
                 "tileid":578
                }, 
                {
                 "duration":200,
                 "tileid":547
                }]
        },
     "642":
        {
         "animation":[
                {
                 "duration":200,
                 "tileid":642
                }, 
                {
                 "duration":200,
                 "tileid":643
                }, 
                {
                 "duration":200,
                 "tileid":674
                }, 
                {
                 "duration":200,
                 "tileid":643
                }]
        },
     "738":
        {
         "animation":[
                {
                 "duration":200,
                 "tileid":738
                }, 
                {
                 "duration":200,
                 "tileid":739
                }, 
                {
                 "duration":200,
                 "tileid":770
                }, 
                {
                 "duration":200,
                 "tileid":739
                }]
        },
     "834":
        {
         "animation":[
                {
                 "duration":200,
                 "tileid":834
                }, 
                {
                 "duration":200,
                 "tileid":835
                }, 
                {
                 "duration":200,
                 "tileid":866
                }, 
                {
                 "duration":200,
                 "tileid":835
                }]
        },
     "930":
        {
         "animation":[
                {
                 "duration":200,
                 "tileid":930
                }, 
                {
                 "duration":200,
                 "tileid":931
                }, 
                {
                 "duration":200,
                 "tileid":962
                }, 
                {
                 "duration":200,
                 "tileid":931
                }]
        }
    },
 "tilewidth":32,
 "type":"tileset"
}