{ "columns":32,
 "image":"..\/img\/tilesets\/DW_ORANGE.png",
 "imageheight":1024,
 "imagewidth":1024,
 "margin":0,
 "name":"DW_ORANGE",
 "spacing":0,
 "tilecount":1024,
 "tileheight":32,
 "tiles":
    {
     "137":
        {
         "animation":[
                {
                 "duration":300,
                 "tileid":137
                }, 
                {
                 "duration":300,
                 "tileid":106
                }]
        },
     "475":
        {
         "animation":[
                {
                 "duration":200,
                 "tileid":475
                }, 
                {
                 "duration":200,
                 "tileid":507
                }, 
                {
                 "duration":200,
                 "tileid":539
                }]
        }
    },
 "tilewidth":32,
 "type":"tileset"
}