{ "columns":32,
 "image":"..\/img\/tilesets\/DW_SweetheartCastlePaintings.png",
 "imageheight":1024,
 "imagewidth":1024,
 "margin":0,
 "name":"DW_SweetheartCastlePaintings",
 "spacing":0,
 "tilecount":1024,
 "tileheight":32,
 "tiles":
    {
     "850":
        {
         "animation":[
                {
                 "duration":100,
                 "tileid":850
                }, 
                {
                 "duration":100,
                 "tileid":914
                }, 
                {
                 "duration":100,
                 "tileid":978
                }]
        },
     "851":
        {
         "animation":[
                {
                 "duration":100,
                 "tileid":851
                }, 
                {
                 "duration":100,
                 "tileid":915
                }, 
                {
                 "duration":100,
                 "tileid":979
                }]
        },
     "852":
        {
         "animation":[
                {
                 "duration":100,
                 "tileid":852
                }, 
                {
                 "duration":100,
                 "tileid":916
                }, 
                {
                 "duration":100,
                 "tileid":980
                }]
        },
     "853":
        {
         "animation":[
                {
                 "duration":100,
                 "tileid":853
                }, 
                {
                 "duration":100,
                 "tileid":917
                }, 
                {
                 "duration":100,
                 "tileid":981
                }]
        },
     "854":
        {
         "animation":[
                {
                 "duration":100,
                 "tileid":854
                }, 
                {
                 "duration":100,
                 "tileid":918
                }, 
                {
                 "duration":100,
                 "tileid":982
                }]
        },
     "855":
        {
         "animation":[
                {
                 "duration":100,
                 "tileid":855
                }, 
                {
                 "duration":100,
                 "tileid":919
                }, 
                {
                 "duration":100,
                 "tileid":983
                }]
        },
     "882":
        {
         "animation":[
                {
                 "duration":100,
                 "tileid":882
                }, 
                {
                 "duration":100,
                 "tileid":946
                }, 
                {
                 "duration":100,
                 "tileid":1010
                }]
        },
     "883":
        {
         "animation":[
                {
                 "duration":100,
                 "tileid":883
                }, 
                {
                 "duration":100,
                 "tileid":947
                }, 
                {
                 "duration":100,
                 "tileid":1011
                }]
        },
     "884":
        {
         "animation":[
                {
                 "duration":100,
                 "tileid":884
                }, 
                {
                 "duration":100,
                 "tileid":948
                }, 
                {
                 "duration":100,
                 "tileid":1012
                }]
        },
     "885":
        {
         "animation":[
                {
                 "duration":100,
                 "tileid":885
                }, 
                {
                 "duration":100,
                 "tileid":949
                }, 
                {
                 "duration":100,
                 "tileid":1013
                }]
        },
     "886":
        {
         "animation":[
                {
                 "duration":100,
                 "tileid":886
                }, 
                {
                 "duration":100,
                 "tileid":950
                }, 
                {
                 "duration":100,
                 "tileid":1014
                }]
        },
     "887":
        {
         "animation":[
                {
                 "duration":100,
                 "tileid":887
                }, 
                {
                 "duration":100,
                 "tileid":951
                }, 
                {
                 "duration":100,
                 "tileid":1015
                }]
        }
    },
 "tilewidth":32,
 "type":"tileset"
}