{ "columns":3,
 "image":"..\/img\/tilesets\/DW_SG_Cage.png",
 "imageheight":64,
 "imagewidth":96,
 "margin":0,
 "name":"DW_SG_Cage",
 "spacing":0,
 "tilecount":3,
 "tileheight":64,
 "tiles":
    {
     "0":
        {
         "animation":[
                {
                 "duration":200,
                 "tileid":0
                }, 
                {
                 "duration":200,
                 "tileid":1
                }, 
                {
                 "duration":200,
                 "tileid":2
                }, 
                {
                 "duration":200,
                 "tileid":1
                }]
        }
    },
 "tilewidth":32,
 "type":"tileset"
}