{ "columns":32,
 "image":"..\/img\/tilesets\/DW_sprout_mole_town.png",
 "imageheight":1024,
 "imagewidth":1024,
 "margin":0,
 "name":"sprout_mole_town",
 "spacing":0,
 "tilecount":1024,
 "tileheight":32,
 "tiles":
    {
     "243":
        {
         "animation":[
                {
                 "duration":500,
                 "tileid":243
                }, 
                {
                 "duration":500,
                 "tileid":435
                }, 
                {
                 "duration":500,
                 "tileid":371
                }, 
                {
                 "duration":500,
                 "tileid":307
                }]
        },
     "275":
        {
         "animation":[
                {
                 "duration":500,
                 "tileid":275
                }, 
                {
                 "duration":500,
                 "tileid":467
                }, 
                {
                 "duration":500,
                 "tileid":403
                }, 
                {
                 "duration":500,
                 "tileid":339
                }]
        },
     "567":
        {
         "animation":[
                {
                 "duration":100,
                 "tileid":567
                }, 
                {
                 "duration":100,
                 "tileid":631
                }, 
                {
                 "duration":100,
                 "tileid":695
                }]
        },
     "568":
        {
         "animation":[
                {
                 "duration":100,
                 "tileid":568
                }, 
                {
                 "duration":100,
                 "tileid":632
                }, 
                {
                 "duration":100,
                 "tileid":696
                }]
        }
    },
 "tilewidth":32,
 "type":"tileset"
}