{ "columns":4,
 "image":"..\/img\/tilesets\/DW_SWFountain.png",
 "imageheight":64,
 "imagewidth":384,
 "margin":0,
 "name":"DW_SWFountain",
 "spacing":0,
 "tilecount":4,
 "tileheight":64,
 "tiles":
    {
     "0":
        {
         "animation":[
                {
                 "duration":200,
                 "tileid":0
                }, 
                {
                 "duration":200,
                 "tileid":1
                }, 
                {
                 "duration":200,
                 "tileid":2
                }, 
                {
                 "duration":200,
                 "tileid":3
                }]
        }
    },
 "tilewidth":96,
 "type":"tileset"
}