{ "columns":6,
 "image":"..\/img\/tilesets\/DW_TreeStump_anim.png",
 "imageheight":256,
 "imagewidth":192,
 "margin":0,
 "name":"TreeStumps",
 "spacing":0,
 "tilecount":48,
 "tileheight":32,
 "tiles":
    {
     "0":
        {
         "animation":[
                {
                 "duration":300,
                 "tileid":0
                }, 
                {
                 "duration":300,
                 "tileid":2
                }, 
                {
                 "duration":300,
                 "tileid":4
                }, 
                {
                 "duration":300,
                 "tileid":6
                }, 
                {
                 "duration":300,
                 "tileid":8
                }, 
                {
                 "duration":300,
                 "tileid":10
                }, 
                {
                 "duration":300,
                 "tileid":12
                }, 
                {
                 "duration":300,
                 "tileid":14
                }, 
                {
                 "duration":300,
                 "tileid":18
                }, 
                {
                 "duration":300,
                 "tileid":20
                }]
        },
     "1":
        {
         "animation":[
                {
                 "duration":300,
                 "tileid":1
                }, 
                {
                 "duration":300,
                 "tileid":3
                }, 
                {
                 "duration":300,
                 "tileid":5
                }, 
                {
                 "duration":300,
                 "tileid":7
                }, 
                {
                 "duration":300,
                 "tileid":9
                }, 
                {
                 "duration":300,
                 "tileid":11
                }, 
                {
                 "duration":300,
                 "tileid":13
                }, 
                {
                 "duration":300,
                 "tileid":15
                }, 
                {
                 "duration":300,
                 "tileid":19
                }, 
                {
                 "duration":300,
                 "tileid":21
                }]
        }
    },
 "tilewidth":32,
 "type":"tileset"
}