{ "columns":32,
 "image":"..\/img\/tilesets\/DW_traininterior.png",
 "imageheight":480,
 "imagewidth":1024,
 "margin":0,
 "name":"DW_traininterior",
 "spacing":0,
 "tilecount":1024,
 "tileheight":32,
 "tiles":
    {
     "104":
        {
         "animation":[
                {
                 "duration":200,
                 "tileid":104
                }, 
                {
                 "duration":200,
                 "tileid":106
                }, 
                {
                 "duration":200,
                 "tileid":107
                }, 
                {
                 "duration":200,
                 "tileid":106
                }]
        },
     "163":
        {
         "animation":[
                {
                 "duration":200,
                 "tileid":163
                }, 
                {
                 "duration":200,
                 "tileid":164
                }, 
                {
                 "duration":200,
                 "tileid":165
                }, 
                {
                 "duration":200,
                 "tileid":164
                }]
        },
     "3":
        {
         "animation":[
                {
                 "duration":200,
                 "tileid":3
                }, 
                {
                 "duration":200,
                 "tileid":195
                }, 
                {
                 "duration":200,
                 "tileid":227
                }, 
                {
                 "duration":200,
                 "tileid":195
                }]
        },
     "33":
        {
         "animation":[
                {
                 "duration":200,
                 "tileid":33
                }, 
                {
                 "duration":200,
                 "tileid":97
                }, 
                {
                 "duration":200,
                 "tileid":98
                }, 
                {
                 "duration":200,
                 "tileid":97
                }]
        },
     "4":
        {
         "animation":[
                {
                 "duration":200,
                 "tileid":4
                }, 
                {
                 "duration":200,
                 "tileid":196
                }, 
                {
                 "duration":200,
                 "tileid":228
                }, 
                {
                 "duration":200,
                 "tileid":196
                }]
        },
     "5":
        {
         "animation":[
                {
                 "duration":200,
                 "tileid":5
                }, 
                {
                 "duration":200,
                 "tileid":197
                }, 
                {
                 "duration":200,
                 "tileid":229
                }, 
                {
                 "duration":200,
                 "tileid":197
                }]
        },
     "64":
        {
         "animation":[
                {
                 "duration":200,
                 "tileid":64
                }, 
                {
                 "duration":200,
                 "tileid":128
                }, 
                {
                 "duration":200,
                 "tileid":160
                }, 
                {
                 "duration":200,
                 "tileid":192
                }]
        },
     "65":
        {
         "animation":[
                {
                 "duration":200,
                 "tileid":65
                }, 
                {
                 "duration":200,
                 "tileid":129
                }, 
                {
                 "duration":200,
                 "tileid":161
                }, 
                {
                 "duration":200,
                 "tileid":193
                }]
        },
     "66":
        {
         "animation":[
                {
                 "duration":200,
                 "tileid":66
                }, 
                {
                 "duration":200,
                 "tileid":130
                }, 
                {
                 "duration":200,
                 "tileid":162
                }, 
                {
                 "duration":200,
                 "tileid":194
                }]
        },
     "72":
        {
         "animation":[
                {
                 "duration":200,
                 "tileid":72
                }, 
                {
                 "duration":200,
                 "tileid":74
                }, 
                {
                 "duration":200,
                 "tileid":75
                }, 
                {
                 "duration":200,
                 "tileid":74
                }]
        }
    },
 "tilewidth":32,
 "type":"tileset"
}