{ "columns":3,
 "image":"..\/img\/tilesets\/DW_Underwater_Anim.png",
 "imageheight":128,
 "imagewidth":192,
 "margin":0,
 "name":"DW_Underwater_Anim",
 "spacing":0,
 "tilecount":6,
 "tileheight":64,
 "tiles":
    {
     "0":
        {
         "animation":[
                {
                 "duration":500,
                 "tileid":0
                }, 
                {
                 "duration":500,
                 "tileid":1
                }, 
                {
                 "duration":500,
                 "tileid":2
                }, 
                {
                 "duration":500,
                 "tileid":1
                }]
        },
     "3":
        {
         "animation":[
                {
                 "duration":400,
                 "tileid":3
                }, 
                {
                 "duration":400,
                 "tileid":4
                }, 
                {
                 "duration":400,
                 "tileid":5
                }, 
                {
                 "duration":400,
                 "tileid":4
                }]
        }
    },
 "tilewidth":64,
 "type":"tileset"
}