{ "columns":32,
 "image":"..\/img\/tilesets\/DW_VastForest_After.png",
 "imageheight":1024,
 "imagewidth":1024,
 "margin":0,
 "name":"DW_VastForest Afterwards",
 "spacing":0,
 "tilecount":1024,
 "tileheight":32,
 "tiles":
    {
     "38":
        {
         "animation":[
                {
                 "duration":200,
                 "tileid":38
                }, 
                {
                 "duration":200,
                 "tileid":39
                }, 
                {
                 "duration":200,
                 "tileid":70
                }, 
                {
                 "duration":200,
                 "tileid":39
                }]
        },
     "480":
        {
         "animation":[
                {
                 "duration":100,
                 "tileid":480
                }, 
                {
                 "duration":100,
                 "tileid":483
                }, 
                {
                 "duration":100,
                 "tileid":486
                }]
        },
     "481":
        {
         "animation":[
                {
                 "duration":100,
                 "tileid":481
                }, 
                {
                 "duration":100,
                 "tileid":484
                }, 
                {
                 "duration":100,
                 "tileid":487
                }]
        },
     "482":
        {
         "animation":[
                {
                 "duration":100,
                 "tileid":482
                }, 
                {
                 "duration":100,
                 "tileid":485
                }, 
                {
                 "duration":100,
                 "tileid":488
                }]
        },
     "512":
        {
         "animation":[
                {
                 "duration":100,
                 "tileid":512
                }, 
                {
                 "duration":100,
                 "tileid":515
                }, 
                {
                 "duration":100,
                 "tileid":518
                }]
        },
     "513":
        {
         "animation":[
                {
                 "duration":100,
                 "tileid":513
                }, 
                {
                 "duration":100,
                 "tileid":516
                }, 
                {
                 "duration":100,
                 "tileid":519
                }]
        },
     "514":
        {
         "animation":[
                {
                 "duration":100,
                 "tileid":514
                }, 
                {
                 "duration":100,
                 "tileid":517
                }, 
                {
                 "duration":100,
                 "tileid":520
                }]
        },
     "544":
        {
         "animation":[
                {
                 "duration":100,
                 "tileid":544
                }, 
                {
                 "duration":100,
                 "tileid":547
                }, 
                {
                 "duration":100,
                 "tileid":550
                }]
        },
     "545":
        {
         "animation":[
                {
                 "duration":100,
                 "tileid":545
                }, 
                {
                 "duration":100,
                 "tileid":548
                }, 
                {
                 "duration":100,
                 "tileid":551
                }]
        },
     "546":
        {
         "animation":[
                {
                 "duration":100,
                 "tileid":546
                }, 
                {
                 "duration":100,
                 "tileid":549
                }, 
                {
                 "duration":100,
                 "tileid":552
                }]
        }
    },
 "tilewidth":32,
 "type":"tileset"
}