{ "columns":12,
 "image":"..\/img\/tilesets\/DW_Wave3.png",
 "imageheight":128,
 "imagewidth":384,
 "margin":0,
 "name":"DW_Wave3",
 "spacing":0,
 "tilecount":48,
 "tileheight":32,
 "tiles":
    {
     "0":
        {
         "animation":[
                {
                 "duration":400,
                 "tileid":0
                }, 
                {
                 "duration":400,
                 "tileid":6
                }, 
                {
                 "duration":400,
                 "tileid":24
                }, 
                {
                 "duration":400,
                 "tileid":30
                }, 
                {
                 "duration":400,
                 "tileid":24
                }, 
                {
                 "duration":400,
                 "tileid":6
                }]
        },
     "1":
        {
         "animation":[
                {
                 "duration":400,
                 "tileid":1
                }, 
                {
                 "duration":400,
                 "tileid":7
                }, 
                {
                 "duration":400,
                 "tileid":25
                }, 
                {
                 "duration":400,
                 "tileid":31
                }, 
                {
                 "duration":400,
                 "tileid":25
                }, 
                {
                 "duration":400,
                 "tileid":7
                }]
        },
     "12":
        {
         "animation":[
                {
                 "duration":400,
                 "tileid":12
                }, 
                {
                 "duration":400,
                 "tileid":18
                }, 
                {
                 "duration":400,
                 "tileid":36
                }, 
                {
                 "duration":400,
                 "tileid":42
                }, 
                {
                 "duration":400,
                 "tileid":36
                }, 
                {
                 "duration":400,
                 "tileid":18
                }]
        },
     "13":
        {
         "animation":[
                {
                 "duration":400,
                 "tileid":13
                }, 
                {
                 "duration":400,
                 "tileid":19
                }, 
                {
                 "duration":400,
                 "tileid":37
                }, 
                {
                 "duration":400,
                 "tileid":43
                }, 
                {
                 "duration":400,
                 "tileid":37
                }, 
                {
                 "duration":400,
                 "tileid":19
                }]
        },
     "14":
        {
         "animation":[
                {
                 "duration":400,
                 "tileid":14
                }, 
                {
                 "duration":400,
                 "tileid":20
                }, 
                {
                 "duration":400,
                 "tileid":38
                }, 
                {
                 "duration":400,
                 "tileid":44
                }, 
                {
                 "duration":400,
                 "tileid":38
                }, 
                {
                 "duration":400,
                 "tileid":20
                }]
        },
     "15":
        {
         "animation":[
                {
                 "duration":400,
                 "tileid":15
                }, 
                {
                 "duration":400,
                 "tileid":21
                }, 
                {
                 "duration":400,
                 "tileid":39
                }, 
                {
                 "duration":400,
                 "tileid":45
                }, 
                {
                 "duration":400,
                 "tileid":39
                }, 
                {
                 "duration":400,
                 "tileid":21
                }]
        },
     "16":
        {
         "animation":[
                {
                 "duration":400,
                 "tileid":16
                }, 
                {
                 "duration":400,
                 "tileid":22
                }, 
                {
                 "duration":400,
                 "tileid":40
                }, 
                {
                 "duration":400,
                 "tileid":46
                }, 
                {
                 "duration":400,
                 "tileid":40
                }, 
                {
                 "duration":400,
                 "tileid":22
                }]
        },
     "17":
        {
         "animation":[
                {
                 "duration":400,
                 "tileid":17
                }, 
                {
                 "duration":400,
                 "tileid":23
                }, 
                {
                 "duration":400,
                 "tileid":41
                }, 
                {
                 "duration":400,
                 "tileid":47
                }, 
                {
                 "duration":400,
                 "tileid":41
                }, 
                {
                 "duration":400,
                 "tileid":23
                }]
        },
     "2":
        {
         "animation":[
                {
                 "duration":400,
                 "tileid":2
                }, 
                {
                 "duration":400,
                 "tileid":8
                }, 
                {
                 "duration":400,
                 "tileid":26
                }, 
                {
                 "duration":400,
                 "tileid":32
                }, 
                {
                 "duration":400,
                 "tileid":26
                }, 
                {
                 "duration":400,
                 "tileid":8
                }]
        },
     "3":
        {
         "animation":[
                {
                 "duration":400,
                 "tileid":3
                }, 
                {
                 "duration":400,
                 "tileid":9
                }, 
                {
                 "duration":400,
                 "tileid":27
                }, 
                {
                 "duration":400,
                 "tileid":33
                }, 
                {
                 "duration":400,
                 "tileid":27
                }, 
                {
                 "duration":400,
                 "tileid":9
                }]
        },
     "4":
        {
         "animation":[
                {
                 "duration":400,
                 "tileid":4
                }, 
                {
                 "duration":400,
                 "tileid":10
                }, 
                {
                 "duration":400,
                 "tileid":28
                }, 
                {
                 "duration":400,
                 "tileid":34
                }, 
                {
                 "duration":400,
                 "tileid":28
                }, 
                {
                 "duration":400,
                 "tileid":10
                }]
        }
    },
 "tilewidth":32,
 "type":"tileset"
}