{ "columns":3,
 "image":"..\/img\/tilesets\/FA_Interior2Fan.png",
 "imageheight":64,
 "imagewidth":156,
 "margin":0,
 "name":"FA_Interior2Fan",
 "spacing":0,
 "tilecount":3,
 "tileheight":64,
 "tiles":
    {
     "0":
        {
         "animation":[
                {
                 "duration":200,
                 "tileid":0
                }, 
                {
                 "duration":200,
                 "tileid":1
                }, 
                {
                 "duration":200,
                 "tileid":2
                }]
        }
    },
 "tilewidth":52,
 "type":"tileset"
}