{ "columns":32,
 "image":"..\/img\/tilesets\/FA_objects_night.png",
 "imageheight":1024,
 "imagewidth":1024,
 "margin":0,
 "name":"FA_objects_night",
 "spacing":0,
 "tilecount":1024,
 "tileheight":32,
 "tiles":
    {
     "267":
        {
         "animation":[
                {
                 "duration":200,
                 "tileid":267
                }, 
                {
                 "duration":200,
                 "tileid":26
                }, 
                {
                 "duration":200,
                 "tileid":122
                }, 
                {
                 "duration":200,
                 "tileid":26
                }]
        },
     "268":
        {
         "animation":[
                {
                 "duration":200,
                 "tileid":268
                }, 
                {
                 "duration":200,
                 "tileid":27
                }, 
                {
                 "duration":200,
                 "tileid":123
                }, 
                {
                 "duration":200,
                 "tileid":27
                }]
        },
     "269":
        {
         "animation":[
                {
                 "duration":200,
                 "tileid":269
                }, 
                {
                 "duration":200,
                 "tileid":28
                }, 
                {
                 "duration":200,
                 "tileid":124
                }, 
                {
                 "duration":200,
                 "tileid":28
                }]
        },
     "299":
        {
         "animation":[
                {
                 "duration":200,
                 "tileid":299
                }, 
                {
                 "duration":200,
                 "tileid":58
                }, 
                {
                 "duration":200,
                 "tileid":154
                }, 
                {
                 "duration":200,
                 "tileid":58
                }]
        },
     "300":
        {
         "animation":[
                {
                 "duration":200,
                 "tileid":300
                }, 
                {
                 "duration":200,
                 "tileid":59
                }, 
                {
                 "duration":200,
                 "tileid":155
                }, 
                {
                 "duration":200,
                 "tileid":59
                }]
        },
     "301":
        {
         "animation":[
                {
                 "duration":200,
                 "tileid":301
                }, 
                {
                 "duration":200,
                 "tileid":60
                }, 
                {
                 "duration":200,
                 "tileid":156
                }, 
                {
                 "duration":200,
                 "tileid":60
                }]
        },
     "331":
        {
         "animation":[
                {
                 "duration":200,
                 "tileid":331
                }, 
                {
                 "duration":200,
                 "tileid":90
                }, 
                {
                 "duration":200,
                 "tileid":186
                }, 
                {
                 "duration":200,
                 "tileid":90
                }]
        },
     "332":
        {
         "animation":[
                {
                 "duration":200,
                 "tileid":332
                }, 
                {
                 "duration":200,
                 "tileid":91
                }, 
                {
                 "duration":200,
                 "tileid":187
                }, 
                {
                 "duration":200,
                 "tileid":91
                }]
        },
     "333":
        {
         "animation":[
                {
                 "duration":200,
                 "tileid":333
                }, 
                {
                 "duration":200,
                 "tileid":92
                }, 
                {
                 "duration":200,
                 "tileid":188
                }, 
                {
                 "duration":200,
                 "tileid":92
                }]
        },
     "775":
        {
         "animation":[
                {
                 "duration":800,
                 "tileid":775
                }, 
                {
                 "duration":800,
                 "tileid":776
                }, 
                {
                 "duration":800,
                 "tileid":807
                }]
        },
     "952":
        {
         "animation":[
                {
                 "duration":200,
                 "tileid":952
                }, 
                {
                 "duration":200,
                 "tileid":984
                }, 
                {
                 "duration":200,
                 "tileid":1016
                }]
        },
     "953":
        {
         "animation":[
                {
                 "duration":200,
                 "tileid":953
                }, 
                {
                 "duration":200,
                 "tileid":985
                }, 
                {
                 "duration":200,
                 "tileid":1017
                }]
        },
     "954":
        {
         "animation":[
                {
                 "duration":200,
                 "tileid":954
                }, 
                {
                 "duration":200,
                 "tileid":986
                }, 
                {
                 "duration":200,
                 "tileid":1018
                }]
        },
     "955":
        {
         "animation":[
                {
                 "duration":200,
                 "tileid":955
                }, 
                {
                 "duration":200,
                 "tileid":987
                }, 
                {
                 "duration":200,
                 "tileid":1019
                }]
        },
     "956":
        {
         "animation":[
                {
                 "duration":200,
                 "tileid":956
                }, 
                {
                 "duration":200,
                 "tileid":988
                }, 
                {
                 "duration":200,
                 "tileid":1020
                }]
        },
     "957":
        {
         "animation":[
                {
                 "duration":200,
                 "tileid":957
                }, 
                {
                 "duration":200,
                 "tileid":989
                }, 
                {
                 "duration":200,
                 "tileid":1021
                }]
        },
     "958":
        {
         "animation":[
                {
                 "duration":200,
                 "tileid":958
                }, 
                {
                 "duration":200,
                 "tileid":990
                }, 
                {
                 "duration":200,
                 "tileid":1022
                }]
        },
     "959":
        {
         "animation":[
                {
                 "duration":200,
                 "tileid":959
                }, 
                {
                 "duration":200,
                 "tileid":991
                }, 
                {
                 "duration":200,
                 "tileid":1023
                }]
        }
    },
 "tilewidth":32,
 "type":"tileset"
}