{ "height":25,
 "layers":[
        {
         "data":[0, 0, 0, 0, 0, 0, 0, 0, 0, 0, 0, 0, 0, 0, 0, 0, 0, 0, 0, 0, 0, 0, 0, 0, 0, 0, 0, 7257, 7257, 7257, 7257, 7257, 7257, 7257, 0, 0, 0, 0, 0, 0, 0, 0, 0, 0, 0, 0, 0, 0, 0, 0, 0, 0, 0, 0, 0, 0, 0, 0, 0, 0, 0, 0, 0, 0, 0, 0, 7257, 7257, 7257, 7257, 7257, 7257, 7257, 0, 0, 0, 0, 0, 0, 0, 0, 0, 0, 0, 0, 0, 0, 0, 0, 0, 0, 0, 0, 0, 0, 0, 0, 0, 0, 0, 0, 0, 0, 0, 0, 7257, 7257, 7257, 7257, 7257, 7257, 7257, 7257, 0, 0, 0, 0, 0, 0, 0, 0, 0, 0, 0, 0, 0, 0, 0, 0, 0, 0, 0, 0, 0, 0, 0, 0, 0, 0, 0, 0, 0, 0, 0, 0, 0, 0, 7257, 7257, 7257, 7257, 7257, 7257, 7257, 0, 0, 0, 0, 0, 0, 0, 0, 0, 0, 0, 0, 0, 0, 0, 0, 0, 0, 0, 0, 0, 0, 0, 0, 0, 0, 0, 0, 0, 0, 0, 0, 0, 7257, 7257, 7257, 7257, 7257, 0, 0, 0, 0, 0, 0, 0, 0, 0, 0, 0, 0, 0, 0, 0, 7257, 7257, 7257, 7257, 7257, 7257, 0, 0, 0, 0, 0, 0, 0, 0, 0, 0, 0, 0, 0, 0, 7974, 7974, 7974, 7974, 7974, 0, 0, 0, 0, 0, 0, 0, 0, 0, 0, 0, 0, 0, 0, 0, 7974, 7974, 7974, 7974, 7974, 0, 0, 0, 0, 0, 0, 0, 0, 0, 0, 0, 0, 0, 0, 0, 7974, 7974, 7974, 7974, 7974, 0, 0, 0, 0, 0, 0, 0, 0, 0, 0, 0, 0, 0, 0, 0, 7974, 7974, 7974, 7974, 7974, 0, 0, 0, 0, 0, 0, 0, 0, 0, 0, 0, 0, 0, 0, 0, 7974, 7974, 7974, 7974, 7974, 0, 0, 0, 0, 0, 0, 0, 0, 0, 0, 0, 0, 0, 0, 0, 7974, 7974, 7974, 7974, 7974, 0, 0, 0, 0, 0, 0, 0, 0, 0, 0, 0, 0, 0, 0, 0, 0, 0, 0, 0, 0, 0, 0, 0, 0, 0, 0, 0, 0, 0, 0, 0, 0, 0, 0, 0, 0, 0, 0, 0, 0, 0, 0, 0, 0, 0, 0, 0, 0, 0, 0, 0, 0, 0, 0, 0, 0, 0, 0, 0, 0, 0, 0, 0, 0, 0, 0, 0, 0, 0, 0, 0, 0, 0, 0, 0, 0, 0, 0, 0, 0, 0, 0, 0, 0, 0, 0, 0, 0, 0, 0, 0, 0, 0, 0, 0, 0, 0, 0, 0, 0, 0, 0, 0, 0, 0, 0, 0, 0, 0, 0, 0, 0, 0, 0, 0, 0, 0, 0, 0, 0, 0, 0, 0, 0, 0, 0, 0, 0, 0, 0, 0, 0, 0, 0, 0, 0, 0, 0, 0, 0, 0, 0, 0, 0, 0, 0, 0, 0, 0, 0, 0, 0, 0, 0, 0, 0, 0, 0, 0, 0, 0, 0, 0, 0, 0, 0, 0, 0],
         "height":25,
         "name":"Tile Layer 1",
         "opacity":1,
         "properties":
            {
             "priority":"1",
             "zIndex":"1"
            },
         "propertytypes":
            {
             "priority":"string",
             "zIndex":"string"
            },
         "type":"tilelayer",
         "visible":true,
         "width":20,
         "x":0,
         "y":0
        }, 
        {
         "data":[0, 0, 0, 0, 0, 0, 0, 0, 0, 0, 0, 0, 0, 0, 0, 0, 0, 0, 0, 0, 0, 0, 0, 0, 0, 0, 0, 0, 0, 0, 0, 0, 0, 0, 0, 0, 0, 0, 0, 0, 0, 0, 0, 0, 0, 0, 0, 0, 0, 0, 0, 0, 0, 0, 0, 0, 0, 0, 0, 0, 0, 0, 0, 0, 0, 0, 0, 0, 0, 0, 0, 0, 0, 0, 0, 0, 0, 0, 0, 0, 0, 0, 0, 0, 0, 0, 0, 0, 0, 0, 0, 0, 0, 0, 0, 0, 0, 0, 0, 0, 0, 0, 0, 0, 0, 0, 0, 0, 0, 0, 0, 0, 0, 0, 0, 0, 0, 0, 0, 0, 0, 0, 0, 0, 0, 0, 0, 0, 0, 0, 0, 0, 0, 0, 0, 0, 0, 0, 0, 0, 0, 0, 0, 0, 0, 0, 0, 0, 0, 0, 0, 0, 0, 0, 0, 0, 0, 0, 0, 0, 0, 0, 0, 0, 0, 0, 0, 0, 0, 0, 0, 0, 0, 0, 0, 0, 0, 0, 0, 0, 0, 0, 0, 0, 0, 0, 0, 0, 0, 0, 0, 0, 0, 0, 0, 0, 0, 0, 0, 0, 0, 0, 0, 0, 0, 0, 0, 8075, 8075, 0, 8075, 8075, 0, 0, 0, 0, 0, 0, 0, 0, 0, 0, 0, 0, 0, 0, 0, 8107, 8107, 0, 8107, 8107, 0, 0, 0, 0, 0, 0, 0, 0, 0, 0, 0, 0, 0, 0, 0, 0, 0, 0, 0, 0, 0, 0, 0, 0, 0, 0, 0, 0, 0, 0, 0, 0, 0, 0, 0, 0, 0, 0, 0, 0, 0, 0, 0, 0, 0, 0, 0, 0, 0, 0, 0, 0, 0, 0, 0, 0, 0, 0, 0, 0, 0, 0, 0, 0, 0, 0, 0, 0, 0, 0, 0, 0, 0, 0, 0, 0, 0, 0, 0, 0, 0, 0, 0, 0, 0, 0, 0, 0, 0, 0, 0, 0, 0, 0, 0, 0, 0, 0, 0, 0, 0, 0, 0, 0, 0, 0, 0, 0, 0, 0, 0, 0, 0, 0, 0, 0, 0, 0, 0, 0, 0, 0, 0, 0, 0, 0, 0, 0, 0, 0, 0, 0, 0, 0, 0, 0, 0, 0, 0, 0, 0, 0, 0, 0, 0, 0, 0, 0, 0, 0, 0, 0, 0, 0, 0, 0, 0, 0, 0, 0, 0, 0, 0, 0, 0, 0, 0, 0, 0, 0, 0, 0, 0, 0, 0, 0, 0, 0, 0, 0, 0, 0, 0, 0, 0, 0, 0, 0, 0, 0, 0, 0, 0, 0, 0, 0, 0, 0, 0, 0, 0, 0, 0, 0, 0, 0, 0, 0, 0, 0, 0, 0, 0, 0, 0, 0, 0, 0, 0, 0, 0, 0, 0, 0, 0, 0, 0, 0, 0, 0, 0, 0, 0, 0, 0, 0, 0, 0, 0, 0, 0, 0, 0, 0, 0, 0, 0, 0, 0, 0, 0, 0, 0, 0, 0, 0, 0, 0, 0, 0, 0, 0, 0, 0, 0, 0, 0, 0],
         "height":25,
         "name":"Tile Layer 2",
         "opacity":1,
         "properties":
            {
             "priority":"2",
             "zIndex":"1"
            },
         "propertytypes":
            {
             "priority":"string",
             "zIndex":"string"
            },
         "type":"tilelayer",
         "visible":true,
         "width":20,
         "x":0,
         "y":0
        }, 
        {
         "data":[0, 0, 0, 0, 0, 0, 0, 0, 0, 0, 0, 0, 0, 0, 0, 0, 0, 0, 0, 0, 0, 0, 0, 0, 0, 0, 0, 0, 0, 0, 0, 0, 0, 0, 0, 0, 0, 0, 0, 0, 0, 0, 0, 0, 0, 0, 0, 0, 0, 0, 0, 0, 0, 0, 0, 0, 0, 0, 0, 0, 0, 0, 0, 0, 0, 0, 0, 0, 0, 0, 0, 0, 0, 0, 0, 0, 0, 0, 0, 0, 0, 0, 0, 0, 0, 0, 0, 0, 0, 0, 0, 0, 0, 0, 0, 0, 0, 0, 0, 0, 0, 0, 0, 0, 0, 0, 0, 0, 0, 0, 0, 0, 0, 0, 0, 0, 0, 0, 0, 0, 0, 0, 0, 0, 0, 0, 0, 0, 0, 0, 0, 0, 0, 0, 0, 0, 0, 0, 0, 0, 0, 0, 0, 0, 0, 0, 0, 0, 0, 0, 0, 0, 0, 0, 0, 0, 0, 0, 0, 0, 0, 0, 0, 0, 0, 0, 0, 0, 0, 0, 0, 0, 0, 0, 0, 0, 0, 0, 0, 0, 0, 0, 0, 0, 0, 0, 0, 0, 0, 0, 0, 0, 0, 0, 0, 0, 0, 0, 0, 0, 0, 0, 0, 0, 0, 0, 0, 0, 0, 0, 0, 0, 0, 0, 0, 0, 0, 0, 0, 0, 0, 0, 0, 0, 0, 0, 0, 0, 0, 0, 0, 0, 0, 0, 0, 0, 0, 0, 0, 0, 0, 0, 0, 0, 0, 0, 0, 0, 0, 0, 0, 0, 0, 0, 0, 0, 0, 0, 0, 0, 0, 0, 0, 0, 0, 0, 0, 0, 0, 0, 0, 0, 0, 0, 0, 0, 0, 0, 0, 0, 0, 0, 0, 0, 0, 0, 0, 0, 8167, 8168, 8169, 0, 0, 0, 0, 0, 0, 0, 0, 0, 0, 0, 0, 0, 0, 0, 0, 0, 8199, 8200, 8201, 0, 0, 0, 0, 0, 0, 0, 0, 0, 0, 0, 0, 0, 0, 0, 0, 0, 0, 0, 0, 0, 0, 0, 0, 0, 0, 0, 0, 0, 0, 0, 0, 0, 0, 0, 0, 0, 0, 0, 0, 0, 0, 0, 0, 0, 0, 0, 0, 0, 0, 0, 0, 0, 0, 0, 0, 0, 0, 0, 0, 0, 0, 0, 0, 0, 0, 0, 0, 0, 0, 0, 0, 0, 0, 0, 0, 0, 0, 0, 0, 0, 0, 0, 0, 0, 0, 0, 0, 0, 0, 0, 0, 0, 0, 0, 0, 0, 0, 0, 0, 0, 0, 0, 0, 0, 0, 0, 0, 0, 0, 0, 0, 0, 0, 0, 0, 0, 0, 0, 0, 0, 0, 0, 0, 0, 0, 0, 0, 0, 0, 0, 0, 0, 0, 0, 0, 0, 0, 0, 0, 0, 0, 0, 0, 0, 0, 0, 0, 0, 0, 0, 0, 0, 0, 0, 0, 0, 0, 0, 0, 0, 0, 0, 0, 0, 0, 0, 0, 0, 0, 0, 0, 0, 0, 0, 0, 0, 0, 0, 0, 0, 0, 0, 0, 0, 0, 0, 0, 0],
         "height":25,
         "name":"Tile Layer 3",
         "opacity":1,
         "properties":
            {
             "priority":"3",
             "zIndex":"1"
            },
         "propertytypes":
            {
             "priority":"string",
             "zIndex":"string"
            },
         "type":"tilelayer",
         "visible":true,
         "width":20,
         "x":0,
         "y":0
        }, 
        {
         "data":[0, 0, 0, 0, 0, 0, 0, 0, 0, 0, 0, 0, 0, 0, 0, 0, 0, 0, 0, 0, 0, 0, 0, 0, 0, 0, 0, 0, 0, 0, 0, 0, 0, 0, 0, 0, 0, 0, 0, 0, 0, 0, 0, 0, 0, 0, 0, 0, 0, 0, 0, 0, 0, 0, 0, 0, 0, 0, 0, 0, 0, 0, 0, 0, 0, 0, 0, 0, 0, 0, 0, 0, 0, 0, 0, 0, 0, 0, 0, 0, 0, 0, 0, 0, 0, 0, 0, 0, 0, 0, 0, 0, 0, 0, 0, 0, 0, 0, 0, 0, 0, 0, 0, 0, 0, 0, 0, 0, 0, 0, 0, 0, 0, 0, 0, 0, 0, 0, 0, 0, 0, 0, 0, 0, 0, 0, 0, 0, 0, 0, 0, 0, 0, 0, 0, 0, 0, 0, 0, 0, 0, 0, 0, 0, 0, 0, 0, 0, 0, 0, 0, 0, 0, 0, 0, 0, 0, 0, 0, 0, 0, 0, 0, 0, 0, 0, 0, 0, 0, 0, 0, 0, 0, 0, 0, 0, 0, 0, 0, 0, 0, 0, 0, 0, 0, 0, 0, 0, 0, 0, 0, 0, 0, 0, 0, 0, 0, 0, 0, 0, 0, 0, 0, 0, 0, 0, 0, 0, 0, 0, 0, 0, 0, 0, 0, 0, 0, 0, 0, 0, 0, 0, 0, 0, 0, 0, 0, 0, 0, 0, 0, 8094, 0, 0, 0, 0, 0, 0, 0, 0, 0, 0, 0, 0, 0, 0, 0, 0, 0, 0, 0, 8126, 0, 0, 0, 0, 0, 0, 0, 0, 0, 0, 0, 0, 0, 0, 0, 0, 0, 0, 0, 0, 0, 0, 0, 0, 0, 0, 0, 0, 0, 0, 0, 0, 0, 0, 0, 0, 0, 0, 0, 0, 0, 0, 0, 0, 0, 0, 0, 0, 0, 0, 0, 0, 0, 0, 0, 0, 0, 0, 0, 0, 0, 0, 0, 0, 0, 0, 0, 0, 0, 0, 0, 0, 0, 0, 0, 0, 0, 0, 0, 0, 0, 0, 0, 0, 0, 0, 0, 0, 0, 0, 0, 0, 0, 0, 0, 0, 0, 0, 0, 0, 0, 0, 0, 0, 0, 0, 0, 0, 0, 0, 0, 0, 0, 0, 0, 0, 0, 0, 0, 0, 0, 0, 0, 0, 0, 0, 0, 0, 0, 0, 0, 0, 0, 0, 0, 0, 0, 0, 0, 0, 0, 0, 0, 0, 0, 0, 0, 0, 0, 0, 0, 0, 0, 0, 0, 0, 0, 0, 0, 0, 0, 0, 0, 0, 0, 0, 0, 0, 0, 0, 0, 0, 0, 0, 0, 0, 0, 0, 0, 0, 0, 0, 0, 0, 0, 0, 0, 0, 0, 0, 0, 0, 0, 0, 0, 0, 0, 0, 0, 0, 0, 0, 0, 0, 0, 0, 0, 0, 0, 0, 0, 0, 0, 0, 0, 0, 0, 0, 0, 0, 0, 0, 0, 0, 0, 0, 0, 0, 0, 0, 0, 0, 0, 0, 0, 0, 0, 0, 0, 0, 0, 0, 0, 0, 0, 0, 0, 0],
         "height":25,
         "name":"Tile Layer 4",
         "opacity":1,
         "properties":
            {
             "priority":"4",
             "zIndex":"1"
            },
         "propertytypes":
            {
             "priority":"string",
             "zIndex":"string"
            },
         "type":"tilelayer",
         "visible":true,
         "width":20,
         "x":0,
         "y":0
        }, 
        {
         "data":[0, 0, 0, 0, 0, 0, 0, 0, 0, 0, 0, 0, 0, 0, 0, 0, 0, 0, 0, 0, 0, 0, 0, 0, 0, 0, 0, 0, 0, 0, 0, 0, 0, 0, 0, 0, 0, 0, 0, 0, 0, 0, 0, 0, 0, 0, 0, 0, 0, 0, 0, 0, 0, 0, 0, 0, 0, 0, 0, 0, 0, 0, 0, 0, 0, 0, 0, 0, 0, 0, 0, 0, 0, 0, 0, 0, 0, 0, 0, 0, 0, 0, 0, 0, 0, 0, 0, 0, 0, 0, 0, 0, 0, 0, 0, 0, 0, 0, 0, 0, 0, 0, 0, 0, 0, 0, 0, 0, 0, 0, 0, 0, 0, 0, 0, 0, 0, 0, 0, 0, 0, 0, 0, 0, 0, 0, 0, 0, 0, 0, 0, 0, 0, 0, 0, 0, 0, 0, 0, 0, 0, 0, 0, 0, 0, 0, 0, 0, 0, 0, 0, 0, 0, 0, 0, 0, 0, 0, 0, 0, 0, 0, 0, 0, 0, 0, 0, 0, 0, 0, 0, 0, 0, 0, 0, 0, 0, 0, 0, 0, 0, 0, 0, 0, 0, 0, 0, 0, 0, 0, 0, 0, 0, 0, 0, 0, 0, 0, 0, 0, 0, 0, 0, 0, 0, 0, 0, 0, 0, 0, 0, 0, 0, 0, 0, 0, 0, 0, 0, 0, 0, 0, 0, 0, 0, 0, 0, 0, 0, 0, 0, 0, 0, 0, 0, 0, 0, 0, 0, 0, 0, 0, 0, 0, 0, 0, 0, 0, 0, 0, 0, 0, 0, 0, 0, 0, 0, 0, 0, 0, 0, 0, 0, 0, 0, 0, 0, 0, 0, 0, 0, 0, 0, 0, 0, 0, 0, 0, 0, 0, 0, 0, 0, 0, 0, 0, 0, 0, 0, 0, 0, 0, 0, 0, 0, 0, 0, 0, 0, 0, 0, 0, 0, 0, 0, 0, 0, 0, 0, 8136, 0, 0, 0, 0, 0, 0, 0, 0, 0, 0, 0, 0, 0, 0, 0, 0, 0, 0, 0, 0, 0, 0, 0, 0, 0, 0, 0, 0, 0, 0, 0, 0, 0, 0, 0, 0, 0, 0, 0, 0, 0, 0, 0, 0, 0, 0, 0, 0, 0, 0, 0, 0, 0, 0, 0, 0, 0, 0, 0, 0, 0, 0, 0, 0, 0, 0, 0, 0, 0, 0, 0, 0, 0, 0, 0, 0, 0, 0, 0, 0, 0, 0, 0, 0, 0, 0, 0, 0, 0, 0, 0, 0, 0, 0, 0, 0, 0, 0, 0, 0, 0, 0, 0, 0, 0, 0, 0, 0, 0, 0, 0, 0, 0, 0, 0, 0, 0, 0, 0, 0, 0, 0, 0, 0, 0, 0, 0, 0, 0, 0, 0, 0, 0, 0, 0, 0, 0, 0, 0, 0, 0, 0, 0, 0, 0, 0, 0, 0, 0, 0, 0, 0, 0, 0, 0, 0, 0, 0, 0, 0, 0, 0, 0, 0, 0, 0, 0, 0, 0, 0, 0, 0, 0, 0, 0, 0, 0, 0, 0, 0, 0, 0, 0, 0, 0, 0, 0, 0, 0, 0],
         "height":25,
         "name":"Tile Layer 5",
         "opacity":1,
         "properties":
            {
             "priority":"5",
             "zIndex":"1"
            },
         "propertytypes":
            {
             "priority":"string",
             "zIndex":"string"
            },
         "type":"tilelayer",
         "visible":true,
         "width":20,
         "x":0,
         "y":0
        }, 
        {
         "data":[0, 0, 0, 0, 0, 0, 0, 0, 0, 0, 0, 0, 0, 0, 0, 0, 0, 0, 0, 0, 0, 0, 0, 0, 0, 0, 0, 0, 0, 0, 0, 0, 0, 0, 0, 0, 0, 0, 0, 0, 0, 0, 0, 0, 0, 0, 0, 0, 0, 0, 0, 0, 0, 0, 0, 0, 0, 0, 0, 0, 0, 0, 0, 0, 0, 0, 0, 0, 0, 0, 0, 0, 0, 0, 0, 0, 0, 0, 0, 0, 0, 0, 0, 0, 0, 0, 0, 0, 0, 0, 0, 0, 0, 0, 0, 0, 0, 0, 0, 0, 0, 0, 0, 0, 0, 0, 0, 0, 0, 0, 0, 0, 0, 0, 0, 0, 0, 0, 0, 0, 0, 0, 0, 0, 0, 0, 0, 0, 0, 0, 0, 0, 0, 0, 0, 0, 0, 0, 0, 0, 0, 0, 0, 0, 0, 0, 0, 0, 0, 0, 0, 0, 0, 0, 0, 0, 0, 0, 0, 0, 0, 0, 0, 0, 0, 0, 0, 0, 0, 0, 0, 0, 0, 0, 0, 0, 0, 0, 0, 0, 0, 0, 0, 0, 0, 0, 0, 0, 0, 0, 0, 0, 0, 0, 0, 0, 0, 0, 0, 0, 0, 0, 0, 0, 0, 0, 0, 0, 0, 0, 0, 0, 0, 0, 0, 0, 0, 0, 0, 0, 0, 0, 0, 0, 0, 0, 0, 0, 0, 0, 0, 0, 0, 0, 0, 0, 0, 0, 0, 0, 0, 0, 0, 0, 0, 0, 0, 0, 0, 0, 0, 0, 0, 0, 0, 0, 0, 0, 0, 0, 0, 0, 0, 0, 0, 0, 0, 0, 0, 0, 0, 0, 0, 0, 0, 0, 0, 0, 0, 0, 0, 0, 0, 0, 0, 0, 0, 0, 0, 0, 0, 0, 0, 0, 0, 0, 0, 0, 0, 0, 0, 0, 0, 0, 0, 0, 0, 0, 0, 0, 0, 0, 0, 0, 0, 0, 0, 0, 0, 0, 0, 0, 0, 0, 0, 0, 0, 0, 0, 0, 0, 0, 0, 0, 0, 0, 0, 0, 0, 0, 0, 0, 0, 0, 0, 0, 0, 0, 0, 0, 0, 0, 0, 0, 0, 0, 0, 0, 0, 0, 0, 0, 0, 0, 0, 0, 0, 0, 0, 0, 0, 0, 0, 0, 0, 0, 0, 0, 0, 0, 0, 0, 0, 0, 0, 0, 0, 0, 0, 0, 0, 0, 0, 0, 0, 0, 0, 0, 0, 0, 0, 0, 0, 0, 0, 0, 0, 0, 0, 0, 0, 0, 0, 0, 0, 0, 0, 0, 0, 0, 0, 0, 0, 0, 0, 0, 0, 0, 0, 0, 0, 0, 0, 0, 0, 0, 0, 0, 0, 0, 0, 0, 0, 0, 0, 0, 0, 0, 0, 0, 0, 0, 0, 0, 0, 0, 0, 0, 0, 0, 0, 0, 0, 0, 0, 0, 0, 0, 0, 0, 0, 0, 0, 0, 0, 0, 0, 0, 0, 0, 0, 0, 0, 0, 0, 0, 0, 0, 0, 0, 0, 0, 0, 0, 0, 0, 0, 0, 0, 0],
         "height":25,
         "name":"Tile Layer 6",
         "opacity":1,
         "properties":
            {
             "priority":"6",
             "zIndex":"1"
            },
         "propertytypes":
            {
             "priority":"string",
             "zIndex":"string"
            },
         "type":"tilelayer",
         "visible":true,
         "width":20,
         "x":0,
         "y":0
        }, 
        {
         "data":[9241, 9241, 9241, 9241, 9241, 9241, 9241, 0, 0, 0, 0, 0, 9241, 9241, 9241, 9241, 9241, 9241, 9241, 9241, 9241, 9241, 9241, 9241, 9241, 9241, 9241, 0, 0, 0, 0, 0, 9241, 9241, 9241, 9241, 9241, 9241, 9241, 9241, 9241, 9241, 9241, 9241, 9241, 9241, 9241, 0, 0, 0, 0, 0, 9241, 9241, 9241, 9241, 9241, 9241, 9241, 9241, 9241, 9241, 9241, 9241, 9241, 9241, 9241, 0, 0, 0, 0, 0, 9241, 9241, 9241, 9241, 9241, 9241, 9241, 9241, 9241, 9241, 9241, 9241, 9241, 9241, 9241, 0, 0, 0, 0, 0, 9241, 9241, 9241, 9241, 9241, 9241, 9241, 9241, 9241, 9241, 9241, 9241, 9241, 9241, 9241, 0, 0, 0, 0, 0, 9241, 9241, 9241, 9241, 9241, 9241, 9241, 9241, 9241, 9241, 9241, 9241, 9241, 9241, 9241, 0, 0, 0, 0, 0, 9241, 9241, 9241, 9241, 9241, 9241, 9241, 9241, 9241, 9241, 9241, 9241, 9241, 9241, 9241, 0, 0, 0, 0, 0, 9241, 9241, 9241, 9241, 9241, 9241, 9241, 9241, 9241, 9241, 9241, 9241, 9241, 9241, 9241, 0, 0, 0, 0, 0, 9241, 9241, 9241, 9241, 9241, 9241, 9241, 9241, 9241, 9241, 9241, 9241, 9241, 9241, 9241, 0, 0, 0, 0, 0, 9241, 9241, 9241, 9241, 9241, 9241, 9241, 9241, 9241, 9241, 9241, 9241, 9241, 9241, 9241, 0, 0, 0, 0, 0, 9241, 9241, 9241, 9241, 9241, 9241, 9241, 9241, 9241, 9241, 9241, 9241, 9241, 9241, 9241, 0, 0, 0, 0, 0, 9241, 9241, 9241, 9241, 9241, 9241, 9241, 9241, 9241, 9241, 9241, 9241, 9241, 9241, 9241, 0, 0, 0, 0, 0, 9241, 9241, 9241, 9241, 9241, 9241, 9241, 9241, 9241, 9241, 9241, 9241, 9241, 9241, 9241, 0, 0, 0, 0, 0, 9241, 9241, 9241, 9241, 9241, 9241, 9241, 9241, 9241, 9241, 9241, 9241, 9241, 9241, 9241, 0, 0, 0, 0, 0, 9241, 9241, 9241, 9241, 9241, 9241, 9241, 9241, 9241, 9241, 9241, 9241, 9241, 9241, 9241, 0, 0, 0, 0, 0, 9241, 9241, 9241, 9241, 9241, 9241, 9241, 9241, 9241, 9241, 9241, 9241, 9241, 9241, 9241, 0, 0, 0, 0, 0, 9241, 9241, 9241, 9241, 9241, 9241, 9241, 9241, 9241, 9241, 9241, 9241, 9241, 9241, 9241, 9241, 9241, 9241, 9241, 9241, 9241, 9241, 9241, 9241, 9241, 9241, 9241, 9241, 9241, 9241, 9241, 9241, 9241, 9241, 9241, 9241, 9241, 9241, 9241, 9241, 9241, 9241, 9241, 9241, 9241, 9241, 9241, 9241, 9241, 9241, 9241, 9241, 9241, 9241, 9241, 9241, 9241, 9241, 9241, 9241, 9241, 9241, 9241, 9241, 9241, 9241, 9241, 9241, 9241, 9241, 9241, 9241, 9241, 9241, 9241, 9241, 9241, 9241, 9241, 9241, 9241, 9241, 9241, 9241, 9241, 9241, 9241, 9241, 9241, 9241, 9241, 9241, 9241, 9241, 9241, 9241, 9241, 9241, 9241, 9241, 9241, 9241, 9241, 9241, 9241, 9241, 9241, 9241, 9241, 9241, 9241, 9241, 9241, 9241, 9241, 9241, 9241, 9241, 9241, 9241, 9241, 9241, 9241, 9241, 9241, 9241, 9241, 9241, 9241, 9241, 9241, 9241, 9241, 9241, 9241, 9241, 9241, 9241, 9241, 9241, 9241, 9241, 9241, 9241, 9241, 9241, 9241, 9241, 9241, 9241, 9241, 9241, 9241, 9241, 9241, 9241, 9241, 9241, 9241, 9241, 9241, 9241, 9241, 9241, 9241, 9241, 9241, 9241],
         "height":25,
         "name":"above all 2",
         "opacity":1,
         "properties":
            {
             "priority":"1",
             "zIndex":"5"
            },
         "propertytypes":
            {
             "priority":"string",
             "zIndex":"string"
            },
         "type":"tilelayer",
         "visible":true,
         "width":20,
         "x":0,
         "y":0
        }, 
        {
         "data":[0, 0, 0, 0, 0, 0, 0, 4971, 5039, 0, 5041, 4971, 0, 0, 0, 0, 0, 0, 0, 0, 0, 0, 0, 0, 0, 0, 0, 4971, 5039, 0, 5041, 4971, 0, 0, 0, 0, 0, 0, 0, 0, 0, 0, 0, 0, 0, 0, 0, 4971, 5039, 0, 5041, 4971, 0, 0, 0, 0, 0, 0, 0, 0, 0, 0, 0, 0, 0, 0, 0, 4971, 5039, 0, 5041, 4971, 0, 0, 0, 0, 0, 0, 0, 0, 0, 0, 0, 0, 0, 0, 0, 4971, 5039, 0, 5041, 4971, 0, 0, 0, 0, 0, 0, 0, 0, 0, 0, 0, 0, 0, 0, 0, 4971, 5039, 0, 5041, 4971, 0, 0, 0, 0, 0, 0, 0, 0, 0, 0, 0, 0, 0, 0, 0, 4971, 5039, 0, 5041, 4971, 0, 0, 0, 0, 0, 0, 0, 0, 0, 0, 0, 0, 0, 0, 0, 4971, 5039, 0, 5041, 4971, 0, 0, 0, 0, 0, 0, 0, 0, 0, 0, 0, 0, 0, 0, 0, 4971, 5039, 0, 5041, 4971, 0, 0, 0, 0, 0, 0, 0, 0, 0, 0, 0, 0, 0, 0, 0, 4971, 5039, 0, 5041, 4971, 0, 0, 0, 0, 0, 0, 0, 0, 0, 0, 0, 0, 0, 0, 0, 4971, 5039, 0, 5041, 4971, 0, 0, 0, 0, 0, 0, 0, 0, 0, 0, 0, 0, 0, 0, 0, 4971, 5039, 0, 5041, 4971, 0, 0, 0, 0, 0, 0, 0, 0, 0, 0, 0, 0, 0, 0, 0, 4971, 5039, 0, 5041, 4971, 0, 0, 0, 0, 0, 0, 0, 0, 0, 0, 0, 0, 0, 0, 0, 4971, 5039, 0, 5041, 4971, 0, 0, 0, 0, 0, 0, 0, 0, 0, 0, 0, 0, 0, 0, 0, 4971, 5039, 0, 5041, 4971, 0, 0, 0, 0, 0, 0, 0, 0, 0, 0, 0, 0, 0, 0, 0, 4971, 4971, 4971, 4971, 4971, 0, 0, 0, 0, 0, 0, 0, 0, 0, 0, 0, 0, 0, 0, 0, 4971, 4971, 4971, 4971, 4971, 0, 0, 0, 0, 0, 0, 0, 0, 0, 0, 0, 0, 0, 0, 0, 0, 0, 0, 0, 0, 0, 0, 0, 0, 0, 0, 0, 0, 0, 0, 0, 0, 0, 0, 0, 0, 0, 0, 0, 0, 0, 0, 0, 0, 0, 0, 0, 0, 0, 0, 0, 0, 0, 0, 0, 0, 0, 0, 0, 0, 0, 0, 0, 0, 0, 0, 0, 0, 0, 0, 0, 0, 0, 0, 0, 0, 0, 0, 0, 0, 0, 0, 0, 0, 0, 0, 0, 0, 0, 0, 0, 0, 0, 0, 0, 0, 0, 0, 0, 0, 0, 0, 0, 0, 0, 0, 0, 0, 0, 0, 0, 0, 0, 0, 0, 0, 0, 0, 0, 0, 0, 0, 0, 0, 0, 0, 0, 0, 0, 0, 0, 0, 0, 0, 0, 0, 0, 0, 0, 0, 0, 0, 0, 0, 0, 0, 0, 0, 0, 0, 0, 0, 0, 0, 0, 0, 0, 0, 0, 0, 0, 0, 0, 0, 0, 0, 0, 0],
         "height":25,
         "name":"above all",
         "opacity":1,
         "properties":
            {
             "priority":"1",
             "zIndex":"6"
            },
         "propertytypes":
            {
             "priority":"string",
             "zIndex":"string"
            },
         "type":"tilelayer",
         "visible":true,
         "width":20,
         "x":0,
         "y":0
        }, 
        {
         "data":[4097, 4097, 4097, 4097, 4097, 4097, 4097, 4097, 4097, 4097, 4097, 4097, 4097, 4097, 4097, 4097, 4097, 4097, 4097, 4097, 4097, 4097, 4097, 4097, 4097, 4097, 4097, 4097, 4097, 4097, 4097, 4097, 4097, 4097, 4097, 4097, 4097, 4097, 4097, 4097, 4097, 4097, 4097, 4097, 4097, 4097, 4097, 4097, 4097, 4097, 4097, 4097, 4097, 4097, 4097, 4097, 4097, 4097, 4097, 4097, 4097, 4097, 4097, 4097, 4097, 4097, 4097, 4097, 4097, 4097, 4097, 4097, 4097, 4097, 4097, 4097, 4097, 4097, 4097, 4097, 4097, 4097, 4097, 4097, 4097, 4097, 4097, 4097, 4097, 4097, 4097, 4097, 4097, 4097, 4097, 4097, 4097, 4097, 4097, 4097, 4097, 4097, 4097, 4097, 4097, 4097, 4097, 4097, 4097, 4097, 4097, 4097, 4097, 4097, 4097, 4097, 4097, 4097, 4097, 4097, 4097, 4097, 4097, 4097, 4097, 4097, 4097, 4097, 4097, 4097, 4097, 4097, 4097, 4097, 4097, 4097, 4097, 4097, 4097, 4097, 4097, 4097, 4097, 4097, 4097, 4097, 4097, 4097, 4097, 4097, 4097, 4097, 4097, 4097, 4097, 4097, 4097, 4097, 4097, 4097, 4097, 4097, 4097, 4097, 4097, 4097, 4097, 4097, 4097, 4097, 4097, 4097, 4097, 4097, 4097, 4097, 4097, 4097, 4097, 4097, 4097, 4097, 4097, 4097, 4097, 4097, 4097, 4097, 4097, 4097, 4097, 4097, 4097, 4097, 4097, 4097, 4097, 4097, 4097, 4097, 4097, 4097, 4097, 4097, 4097, 4097, 4097, 4097, 4097, 4097, 4097, 4097, 4097, 4097, 4097, 4097, 4097, 4097, 4097, 4097, 4097, 4097, 4097, 4097, 4097, 4097, 4097, 0, 0, 0, 0, 4097, 4097, 4097, 4097, 4097, 4097, 4097, 4097, 4097, 4097, 4097, 4097, 4097, 4097, 4097, 4097, 0, 0, 0, 0, 4097, 4097, 4097, 4097, 4097, 4097, 4097, 4097, 4097, 4097, 4097, 4097, 4097, 4097, 4097, 4097, 0, 0, 0, 0, 0, 4097, 4097, 4097, 4097, 4097, 4097, 4097, 4097, 4097, 4097, 4097, 4097, 4097, 4097, 4097, 0, 4097, 4097, 4097, 0, 4097, 4097, 4097, 4097, 4097, 4097, 4097, 4097, 4097, 4097, 4097, 4097, 4097, 4097, 4097, 0, 0, 0, 0, 0, 4097, 4097, 4097, 4097, 4097, 4097, 4097, 4097, 4097, 4097, 4097, 4097, 4097, 4097, 4097, 0, 0, 0, 0, 0, 4097, 4097, 4097, 4097, 4097, 4097, 4097, 4097, 4097, 4097, 4097, 4097, 4097, 4097, 4097, 4097, 4097, 4097, 4097, 4097, 4097, 4097, 4097, 4097, 4097, 4097, 4097, 4097, 4097, 4097, 4097, 4097, 4097, 4097, 4097, 4097, 4097, 4097, 4097, 4097, 4097, 4097, 4097, 4097, 4097, 4097, 4097, 4097, 4097, 4097, 4097, 4097, 4097, 4097, 4097, 4097, 4097, 4097, 4097, 4097, 4097, 4097, 4097, 4097, 4097, 4097, 4097, 4097, 4097, 4097, 4097, 4097, 4097, 4097, 4097, 4097, 4097, 4097, 4097, 4097, 4097, 4097, 4097, 4097, 4097, 4097, 4097, 4097, 4097, 4097, 4097, 4097, 4097, 4097, 4097, 4097, 4097, 4097, 4097, 4097, 4097, 4097, 4097, 4097, 4097, 4097, 4097, 4097, 4097, 4097, 4097, 4097, 4097, 4097, 4097, 4097, 4097, 4097, 4097, 4097, 4097, 4097, 4097, 4097, 4097, 4097, 4097, 4097, 4097, 4097, 4097, 4097, 4097, 4097, 4097, 4097, 4097, 4097, 4097, 4097, 4097, 4097, 4097, 4097, 4097, 4097, 4097, 4097, 4097, 4097, 4097, 4097, 4097, 4097, 4097, 4097, 4097, 4097, 4097, 4097, 4097, 4097, 4097, 4097, 4097, 4097, 4097, 4097],
         "height":25,
         "name":"collissions",
         "opacity":0.639999985694885,
         "properties":
            {
             "collision":"tile-base"
            },
         "propertytypes":
            {
             "collision":"string"
            },
         "type":"tilelayer",
         "visible":false,
         "width":20,
         "x":0,
         "y":0
        }],
 "nextobjectid":1,
 "orientation":"orthogonal",
 "renderorder":"right-down",
 "tiledversion":"1.0.3",
 "tileheight":32,
 "tilesets":[
        {
         "firstgid":1,
         "source":"FA_Interior.json"
        }, 
        {
         "firstgid":1025,
         "source":"DW_NorthLake.json"
        }, 
        {
         "firstgid":2049,
         "source":"FA_Interior2.json"
        }, 
        {
         "firstgid":3073,
         "source":"FA_INTERIOR.json"
        }, 
        {
         "firstgid":4097,
         "source":"Tile_Collisions_32x32.json"
        }, 
        {
         "firstgid":4121,
         "source":"FA_interior2.json"
        }, 
        {
         "firstgid":5145,
         "source":"DW_LastResort.json"
        }, 
        {
         "firstgid":6169,
         "source":"FA_HOSPITAL.json"
        }, 
        {
         "firstgid":7193,
         "source":"FA_Church.json"
        }, 
        {
         "firstgid":8217,
         "source":"general_use.json"
        }, 
        {
         "firstgid":9241,
         "source":"BS_BasilDeathTrap.json"
        }, 
        {
         "firstgid":10265,
         "source":"BS_Blackspace3.json"
        }],
 "tilewidth":32,
 "type":"map",
 "version":1,
 "width":20
}