{ "height":13,
 "infinite":false,
 "layers":[],
 "nextobjectid":25,
 "orientation":"orthogonal",
 "renderorder":"right-down",
 "tiledversion":"1.0.3",
 "tileheight":32,
 "tilesets":[
        {
         "firstgid":1,
         "source":"Tile_Collisions_32x32.json"
        }, 
        {
         "firstgid":25,
         "source":"TerrainTiles.json"
        }, 
        {
         "firstgid":1049,
         "source":"DW_INTERIOR.json"
        }, 
        {
         "firstgid":2073,
         "source":"DW_VastForest_After.json"
        }, 
        {
         "firstgid":3097,
         "source":"Tile_Regions_32x32.json"
        }, 
        {
         "firstgid":3225,
         "source":"general_use.json"
        }],
 "tilewidth":32,
 "type":"map",
 "version":1,
 "width":17
}